Accession	Protein_id	Sequence	Description
NC_022970	YP_008857636.1	MTKTVIGPKSPKQEAFINSTANITVFGGAAGAGKSYLGVMDFLKHVKHPMFRGLITRRTTPQIKGPGGILDNCLQLYKQFDKKVKWKDKDGKFVFSSGAEIHLRHFAHIDDKDNYQGLEINEFLVDEGQQYTLDMLLYLMSRMRGPKCPEVEPHMKITCNPDYNSPLRKWLTWYLDPETGIPLPERDGITRFFTIQNGDMEFADTAEELIEKYNLKSPPLTFKFISANVYDNPVVMEINPQYVAWLEGLNRVEKLRLLHGSWFAREEASGYFKREWTPIIPLRPTDTVRQVRAWDISGTLPSDSNKEPDWTAGVLMSKGRSTLYTIEDVVRDRRRIGGVFELILETARHDGADTTILIPRDPGAAGQHLAWDFVRRLAEHGFHARTRPTNKSKVTRFGPFASMAEAGGVQVVEGPWNEAYLTELEVFDGSRNVKDDQVDATSDAYTYLASDIHIPNFIPPDLTRPNPLAIER	terminase large subunit
NC_022970	YP_008857637.1	MARRKRNVRKAAEVPSAPRLRLGEIGHTGLKQSGGAIYEETRAELRFPENLNTFKVMARDATIASALALFELMVSRVEWSVKGGTEPDAAMQEKVKFLSQVMHDMDHTWYDFIKEVTSCFTYGFSIHEKVYRKRTWANGSKYNDNKIGLKRLPVRSQETIRKWRFSEDGRDFLGAVQSPKLISGWEQRYGTYLKNLPNGGDEIFIPKEKFLNFRIDPRRDNPEGNSPLKNVYFAWSYRTALEEQEAVGITRDMNGMPTLYIPPRYMSPDASDEEKAIYEYYKNAMRNITMNEQTSLILPQQFDPEARLPLFKFELTSSQGGKMYDTDAIIKRWDNKILQVLFADVLKMGQDNVGSYSLAGAKTNLMAMAIEARLQMIRDVLNNDLVPQLFRLNGYRPDEEFPTFEFGDLDEIDLDVYSKAIQRMMSVGGLEFTRDVANRNRKAIGLPELPATQPIDREALPLANDSKAGEGMKTAGEGTSKSPSARDDSTANQDN	portal protein
NC_022970	YP_008857638.1	MAEENQPTPKEDVVKSVDKAERRALFVVLAPDEVDLHGDIYSAVEVEKACIQFNRHCMKANLFHAVETEAAQIEQSFINLADFDTDDGRTITKGTWCAWMHFPEGDALADDLWAGVLDGSFNGVSIGARATVEDLTDE	DNA methyltransferase
NC_022970	YP_008857639.1	MSDRKAKRRLTDISFDHEGAHLALVHKGQGGPANGYTTLVTKALDAGIPQDVLKATKVKVELEFPEFLRKFFNMYYSDAEMLSAALGYGTTEGKDWQMDGESYQEYIERRVGGIEILKSLYKSEDPVAGLNKLDDAAIVSIAKARDLLEPHMATASGADHTNKEESPVSQELIDKAVQAAEAKLQDELKKQADLLKAATEQIAAMEAIQKAAKVEARKAAVAGSGADAEAQVELMKAMESLSDESFAVVLKHITKAKEVPAGLDREVGLSGASDAENASQVETLKALMLAKYTKQ	hypothetical protein
NC_022970	YP_008857640.1	MPVIATDHQRLSNWLKYEYDPASGVTREVMPKTWLDPAVKETGSVLDADGKLVTKATAANAAYILIDCEHRAAADQFTQVLLLARGYAKIADEGVIFADDVEAADKETAFAELAKKNIFAVHQV	hypothetical protein
NC_022970	YP_008857641.1	MRPIPSLQNNFEYTDLTEPMILIPNVWGLTQQLGVFGVDRTTQESVTLEEITKSFGLMEDIHRGARHQVGRDYDRQMRTFAVPHFTYDDYITPRDIQGKRAYGKQELETLDQVRMRKLERLRGTHAATMEFARMHTLVTGKPYTPNNTVGGATGYDWYQEFGKTRFEVNFELDTPTTNILEKSELVYAHMQDEAYTGGVVGDVIAICSPEFFSKLISHPTVVEAYKYYASQPQILRERLRARGFDARYREFYFGNVLYIEYRGGFQGRPGGEKRRYVPAGEAVFIPGSGTEDLFKTFFAPASKFEHVNTPGEESYAFEYVDPKGEFLEINSETNFINVLMYPQLVVKGKAA	major head protein
NC_022970	YP_008857642.1	MPYTGDPKNNVVDQLRLMVGDIWDDIEILTDEDYQYFIDMYNGNIRRAFLDVVRSILFKLARYVRERTGDIEVYGNDWWKAYRQTLQDILKDPNLTTVIALPYVGGVSAKDMAMNNANPDNVARKIFIGFNRDLRLYEQQNVGYNDMPRIGKALDAQPNLC	hypothetical protein
NC_022970	YP_008857643.1	MPSRISADFRKLDALIARMEALDGLTLEGGFFPEDRYGPENGNLPVAQVAAYNVFGTETNPERDFMTPSFSDWATVNYYRKAMKQVVEATIRDGRTQKGQLNKMGRTMVEIIQVNIDDFPGHNSARWAQVKGFDDPLTHTGKMQDSVKYKIVRRK	hypothetical protein
NC_022970	YP_008857644.1	MLTPPMLSTHFVKNEVIRRPRKRLVRGRPVQDPPEIYIVEGSFQPVLKSTDTMQLPEGERTKKALKVYTRNHTTLREANEAEDGWDADQFWWKGELYEVVKTASYDMRVLDHVKAMCVRVEGT	head protein
NC_022970	YP_008857645.1	MALTMDELRAKYPGIEDIYTQLEDALYNVAEAALGDFPLVLSYCDNQQTQTPALYIEPMDIKSVFTEQVAGTLEIDPTDPERAVQEVTKWYTLKARFTGLGSPHNHAMAAAAVQHLEFFLSTEEGYQALESNGFSKNGANPIRRIRDQRPNELYQHFRYDVHLSYAITRKEEVTWIEALELDAVYTNAGREPDHVIKNHISLNEEP	hypothetical protein
NC_022970	YP_008857646.1	MTRLTDIIQITIDRQTQPVATTAFNVPMFLATHSNFSERAREYASTEAVMADFPNNSSVMQAARMAFAQNPRPNRLVVGRRNVPGATVSIVEVAPQTTYTMTLNGIPVSYLSKPEPVDEDDEPADTAVTICAGLVAAFNVSPVVGITLTDNTDGTITVRSSSTSWSLTTSANLSKSNMPSTEGWGAAILAVSAANSKWYGATIESHVPADVLEVAATIESMSAKKIFGTSTSSVAVKNATAGNILETLSKAGYHRTFLLWNGRADQDFPELGWMSSQLQEQPGSNTWSFKGIAGATYDELDDQESANIHDHKGNTYEFVGDANSTTFGSMVSGEWIDTMVGIDWFEARLRERLWFRQRNSKKIPYTKQGTTILETDVRAQLQEGIRVQLFTDTPAPRVRVRDANSMSPNDRARRFYDGIEFEAQLAGAIHIIGIRGVVTA	tail sheath
NC_022970	YP_008857647.1	MAGRTSTYAPNQVTIVINHAASGISHTLTGFSEDSIVSVERLVDTFTEYVGADDTHTRVFNANSGARATVSLAQTSESNDVLTFLHEFDREAMSADGMFEMLIKDNSGRSLYFSDEAYIAVIPQGGFSNQMNTRDWVISMTNTTFQHGGNQKVSPATADTLTALGVNLDARWL	virion structural protein
NC_022970	YP_008857648.2	MDGSVARLYTKDDGYRMTLTLAQSSPTNDFLGAVYNLDAATRKGKFPLVVKDTLGNTNFFAGTAWIETPPTVGFGGTLRENVWRFACYDATLRIGGNSDLTDFENYLSQGAAILPILRQYGLI	virion structural protein
NC_022970	YP_008857649.2	MEVYRKVVGIRGQVTRVRNLNQSARMRVELLQTSDTNDVLFDILTQDRVNQSGRLDLALADNNGDTIIYTNNAWISGHPQTRRSLGFDNPVWTIEIARVTDRDLSGSNNPLDFFSFDGLKTAAGNAINSVLDQF	virion structural protein
NC_022970	YP_008857650.1	MARKQHSIEINGDRFLITSMPATTGLSHLKMLTKLLGPALAEAGVGSKEGAGSMDIATLVSKVVERIDEVEVEKMIIGMMTSVSKNNMEINFNEEFSADFGKLFQLVTEVVKLNFGSVFQALGFDGQQ	tail assembly chaperone
NC_022970	YP_008857651.1	MVHPRLKRLMKEFQKDYEVYQVLTHSLRLASLHELQTLYDTEDLYDLLEYQAAHDEAADIAREIAKLRQQDGN	hypothetical protein
NC_022970	YP_008857652.1	MATEEITKLVGTIQWRADNRPLLTFKKNLEQVRDRLNEVAGLANKKVTMRVDLDGRSLAAKIKMATNAQIRLKNVDIAQDTLGTMVKKLSERLANTPVTLSNVRFNIKDIAQQKRFLRTFMQGLALEIPVSIRARKAEQALLAWKRQTEQRFTLHLNADISQSKFYRNARRTIDAVIQRLGTITLRTPNIRLSVDRAHLRQEIADVLAQIRREARIRIDLQGHVNQVRGRNAHAVGGMAGAGAGAAVAHWGRGFIPGLGGAFAISQMNQMGQQMIAQQNAMAAVGGSQEAGQATMAQFKQMANEVGFDWRAVAPSYTKMLASGQGAGMDKDVVDSIFRSMTEYGTVMGLDTESMKGSLRAVEQMMNKEQVMSEELKLQLGERFPAAMSLMAQAVSAKEGREISTKELGDMMAKGLVRTDVLPEFARIIAEKAREGGALSRAQNSTAAQQQRFNNAWSDAVGLIYNNGMGQGMANLFKEMARTLNDNEEAVKGLGAAMEWLLSPFEAAAILIRQMLQQLPDLASKLGLTSGQLMALAGAIGLALFPLGQIALAIGGLFLVVEDFVGFLQGKDSVIGDFFNQLTPEQQAVWLKIGGAVVQTAEAVGRLAEAMGELLGGFAEGGMFSTALDFFTSKILAVLTVITKLVQAAEALKNKDFGKAAKLAGDAGAVALSNSPVTMLLRDDLRQDLEARARRAQNDMGRNIDEDVVRRVPEYLKAENGVGGMPSVGQITLNIPIQIESAPQIQDEKEFSEMLQTRIMDSFHDTLRQAMVDASENKK	tail length tape measure protein
NC_022970	YP_008857653.1	MTVAIQRESGDIIWFDAILNLNISRANQVTQHVVESGASVTDHVIAQNQKMTLSGVVSDADFNLDRPVITAADAQAFGITPKPFVNSTPVTSGPIITPGADTAWTNFLPETVNQFLDLDRPTVVVPAAPKEKGANLIREELDRITRDRERIVLLDFEGSAVRTIFQNVVITSISFKEDPQSGESLYVDLAFEVIRTTTFQTAAIPKKVSESIKNKASEKQAKGKQAPKDEKVTDADGKNPKGETVLHRMTNREVR	tail fiber protein
NC_022970	YP_008857654.1	MAIRERARLVELPTYRDPQYAYQMKLGDQIRYLSFSWSDRQRYWHMTVENMDGEVIIRNMKLVPNYPLGYDYGWARYGLNGYFLVLPDNHKNDICEDISTLNEFFELYYVEIEEYDDSEEV	virion structural protein
NC_022970	YP_008857655.1	MEQFERVYLLTVGDYRTGKGVLIKDVHMRFDISKSADNKKKSNSATVELYNLSASTRAMLDTDYLSVKLEVGYTAAGTRVVLEGNVVERRTAQQGPDMVTQLILGEGYTDLNHIRLKQTIPPGQTAKDVIEAAMGQLPGVVRGVFSGTNINNPVVFGYPMDGSAKEILNDICRDNNMEWRCDAGALYVNDVNGIHDKNIKSAPVLNESTGLIGIPYRTSSEGNRQKGDKRRTQGVQFKALLNADFAPGQVVRIESKEVTGWYRINSARYYGGYDDQEWYVDCFCGIIIEEDLR	baseplate hub
NC_022970	YP_008857656.1	MIELSFSSVVNTLIEQQLNNVRTAIPGRVIRVYKDLETLMIDAQPLVNRLYDDGTSEEQPTILSVPVQMPGTRRTLVSFPLFPGDEVLLVFCERGIDNFKAGTGNPTKPTGSRTFSGRDAVAIPGVFPFAVSPNNPAHRKFPHSTYDLVVAHNLATATECEVRLKENGNIELLTDLDVSVKARNITLEGSEGITLNTPALKVQAQNTTWTGNITHSGNYTQTGVSTFNGIPFHTHVHGGVMPGGGTTAVPQA	baseplate spike
NC_022970	YP_008857657.1	MDLLLDENSHDIVFVNGQTPVTQGQVQIVAQRLKIKLWTFLGEWFLNLDVGVPYRQRILTKVAHKATVDIIFQRLLAEDEGVKEILEYRSEYNAPARRFTLEFKVRTYSNEEVAVRLPLEV	hypothetical protein
NC_022970	YP_008857658.1	MAGLTDKGLEIRYLPEVLEQYHNRAQDIFSDEVEPGDVVDTSENSALGRMIGVVAPSVAELWEALQEVHDSFNPNVATGYALDNEVALSGIIRYAEEPTRAQVVFEGNYNIVVSSVGSVSSSVTLRQFRVITPVLMNLQQASGVAWRVTAVEAGHEYKIGYSTDGGSNFVYATYTATPTDTATSIQTMLGQKVSQSWTSFETQTDAKNNYNWARRRNRLQIVHFDLDPRITPIKVAKPGVVEDTQMGPSTQLPGTIDTISVPILGWDSVYNPTNAVSGRFRETDVELRERWRNSKFYQAAAILEAMLDGMHQVPGVRDVTIIENDTNNHDSVHNVPPHAFTVITHGGDDSDIGKMIWQKKPTGIQAFGDTVVQIADSQGKVHSIGFRRAKEIEVQVNLNISAIAGQVLPGDVKEQVTAAILAYQDGLDKIGKEVVYSRLYTPINSVPGFQVNSLTIGKKGGTQAMANIPVGYDEVAIFDATRIAITVT	baseplate wedge subunit
NC_022970	YP_008857659.1	MLEKNQFRMIDFLKVAQSRYTEQFKKKPIFDKFVELLLQAQIELQEVMRQVQQERTLDTAVGAQLDVLGEIVGLPRSLVTAEIFKFFGYKDRPDNPTPLPTPHNAGPYGSLNDPSVGAPWWGLGQATEISREATDEEYRLMIKAKILKNRTLSTPEDVIEAYKFLFGASQIIIDELGNANCRIGIGKILSTVERGLLFELGNVASLLPKTLGVNYTYSEFSADRPFATEGFQGGFGTGDLNDPSVGGILSNLLT	structural protein
NC_022970	YP_008857660.1	MANINKISMNLIWGVSGDITAPGPEKMNKGWEVEVVPRQWLNYLQNRLDTNVAYLLQKGLPEWDSETEYQANTSYVQRNGVVYKASRTNTNSEPGTTAGNTNWNRAFQEWSPALESLTSLTPTAWRFPFYNASGQATLGGITSYTVGLMGLSSDAAWRAELKAQTSASQLTWLSNLTPVVGAIPYFNTATSMANLATTPFGRNWIGVADAATGRSQLQLGSAAVMTATAINQASTVVARDSTGTAAIGTVIGSLTGNASTATRLQTGRNINGVLFDGTQDITLPPLTADYAGIVARLHINGANMSGTDKTTQLALRNKSNTDWISLAVIEDNILQFAFRNTSNPIVQIGGEVVLHTGNQFSLGPTLSDARSRLGLDRVSQGSSDTVVFASTLNNGPYLTVQPSSVGGFNGGTQTWMFRFDETGTLTHGTVPVARVSGLANSAQIPAVTTAQSNSLVQRDSSGSFSAVGINAYGSIIGYGSNIFSRSSGTGNAHIGFQKADGSELGLIWGAPSNGSMNFRTLGGSTGMTLTGQDLTVVGRVNAATLNASGNANVSGNVNVGSATLNTAGNITGPAYGAYNSLTNWVDSVYAKKGEIPNDIARAGAAWDAVGQYILAGDQSGGSGGPGTIRAGSQLKPYSTISYTAGALPAAGQYRCMGAFAGGGNQITLWQRIS	tail fiber protein
NC_022970	YP_008857661.1	MKFRNVVKYKMGYECEIKHPEWGWSPYFACDYDENAKKIYDAIVSAIEAGDIPVPEDVSDRDLVIDARNWRDNELRDADRQVEMAIDDEDAVKEKAWRKYRSALRKWPEKAGFPSAKSRPRRPKN	tail fiber assembly
NC_022970	YP_008857662.1	MPLPKPDDLSVIWASIGQATKPAPNKIMTGWTNEIPPYQWHNWYFQRVDKALAHINQQGIAMWDAATTYEGGTSLAKGSDGVVYKAKRSSRGVDPVSPASNLDWEPAFERYGEAAKVNSQLQSLKKDYETLANISNIAMARQNLSVYSKAETDVRYAFKAGAAGQVFAVAPATAGSHAVPRDQLPALYPRAGAAPGIIALASQAEGYAGTVENKAIAPSVLKALTLYKSQNLADLPDKQLARSNLGLASSAVLPENTWLKRNDNLADVPNKAAARANLGITSSALLPESTWLKTASNLADIPNKPTARANLGITDTATLPVGDVMRKSENLAGLTNVPQARANLGLGTMATANSGDFLTSANNLGDVRDAQAARNNLGLKGCATLDALGLPNGATGLDFQSEQSSSASGWAALPNGLILQWGQGPALYDDRSTIVRLPRPARILNVSVTVMGTFNASIGPGAYMTDQWSNTQFRVSCNWGNWAYPFCWFAITTIYGM	tail fiber protein
NC_022970	YP_008857663.1	MITDREYQQAAEMLGVDVPAIKAVTKVEAPVGGFQPTGEPTILYERHQMYRQLQAKGLPTEGHPPDLVNKVAGGYGKYSEQHAKLARAVKIDRDSALESCSWGMFQIMGYHWKLMGYPTLQAFVNAMYASEGAQMDAFCRFIKAQPTTHAALKAHDWAKFARLYNGPGYAKNKYDVKLEKAYAEASG	endolysin
NC_022970	YP_008857664.1	MLKLVAEKAKLHRSSTVVLSIFLFILSMLIIFEPLIPGLAGVLGPDLYPKVVAGVSMLIAAGRYIVQTSLRGMVVQVSDEIPKEEEEK	hypothetical protein
NC_022970	YP_008857665.1	MKLMTAMRIALVVLVLGLSWLLRESHQKIDRLEQSLASLEASYAEASASYRSFRKQCLSVFSMNEELVIQNKTLEASVGSVVQRLDRTPTLTLPEVKDAPTSVPGHVATERLSPGTMELLNEAFCAAAPAGHPACTPK	Rz-like spanin
NC_022970	YP_008857666.1	MPQPPQVILPVLPNEWTTPCVIFPVEEDTVKALAKGYVLNTGAAGCANNKLHFIQQWYKDLEAQYGSRTQ	Rz-like spanin
NC_022970	YP_008857667.1	MAAARSNNEDSQWKYVLDLAAKFLLPLLMAWATWQQTQIGKVEDRLYALQAVAVTEQKLVATESRILNYLDVRLGDLDKKMEVNQKYSEMIIQMMKQER	hypothetical protein
NC_022970	YP_008857668.1	MTKAHEITVLGMLFATLLTLVVGLGVLVYYAQRVTSTEYQFDIIRKEYRLSLEEMRRDFDIRTNRLQEQINAMQYTTSKQMRLLQEEQDNLKRKR	hypothetical protein
NC_022970	YP_008857669.1	MDKVYIDATFDIESVIAEPDGIVYSDYHKGTPLGVTATLRVNMPKRDSNRVWKTLLAMDFSALEQRVLAAMLTSGGLVMLLEDGKLYDQNGAQVEDPRDKLVVIFDEWDKLSKNQRHLRAKKHRTAPKNPQLRKNHWNR	hypothetical protein
NC_022970	YP_008857670.1	MKNSTAALGLACALATMLTLPSPYPATLNSRWEVEVPAQEESTDKKKAKKKKLKALQAEAVKSRKGGKK	hypothetical protein
NC_022970	YP_008857671.1	MTEHLNPPPTVEYVRTVREAPPPPPPGPAVRWVKEGTTLDELARDLKLQHMKAWSVVVLAVILALTMMFSFLGMMQRLEENQVKLESERVQAVKEAITKCEAGAGVLEVTLKGDRLTSYTCKFSK	hypothetical protein
NC_022970	YP_008857672.1	MIPDLKEAYQKASKRTKLLILAALVSQAAIALYEQDRRSLKDPHLSRMCFVQQGVFEVTRVGPITNIYCKRGE	hypothetical protein
NC_022970	YP_008857673.1	MVIFTKEQNNLANSLKVAINAQHVTALEILASKKEIRVGLTSGVIILIFLTAQDAKQAFETLTFAC	hypothetical protein
NC_022970	YP_008857674.1	MELDIRQPNPPFDTIRIADISDDMSNVCLITCKEAPPGAVRLVYPDEGQATFGMPGDIVHQELLVEDKMHANFLIMALEKAIELGWLK	hypothetical protein
NC_022970	YP_008857675.1	MGLPIYLSVSVYHLAGLIAVACLVYWGIIKMTRSEVERGNMTKPQASWWRKWYPVWAIVCISVSCLGFGYKVEEIRPVGTFQSHPTTVDTGEKEEYRAYREKAEERFNKTLEAIETKNNLK	hypothetical protein
NC_022970	YP_008857676.1	MFKNLMRGVAIVLALALVAGCSDVVPPAMKGKHLSGSGYSTNVLEPGRHWRAPWTRIVMLDVSTQTVAEPLKVKMADNLDLTFVVRFRTRIAGTERTINAMFNDIRVENDRVTLQQVYGVYGKDVVQRVSRSVLGKYRTQDVAANFDKINQALHSQLVAAMEGSPLEVSNITLADLQYPEVITKAIEAQNERELAIKTAENEQAIEMVKRENSLKLAQADREIELTKARTLADQNEITNRGLSERLLQYKALEVQMEMTKNSSAVFVPYEALTSPGFQNRVYK	lipoprotein
NC_022970	YP_008857677.1	MEHKALEGVKHRTWEVVDSEFDGVYIREALPKVRGGYLIEYVIASDVKEEHAATLCAAREMKAELERLCRMSESILILLGWEEKDIKSFLAPAKEALALANKNWEK	hypothetical protein
NC_022970	YP_008857678.1	MDVMDDDFEFPDILPEWADEFHPSEGKHQIGAQLATKDGRVTGNGVIFCAVPWKFCPELYLFLVVTDAGNVLTLTEAELHSLFHWPQYIADLNQKTPAEVMYTVKTGSIGDLIQDFKEANGYA	hypothetical protein
NC_022970	YP_008857679.1	MRKLASIRQVSGIEPIAGADRIEKAFFGGWTTIVPKGVLLPGDLAVYFEIDSLLPVADPAFSHLTKNLVKVTRKKEACSLGMDCEMAGVCYAVSQGCPSECGGEEEVVYSRLRTMKMRGVTSQGLALPLRAFPGRLAQLEAGILRRLQKAPVQEVLDDLNEKMPLDEMLGVLKYEKPEEVAAGNSNVSRVSTFPRYIPKTDQERVQNIPLEKIIADGPYQVTVKMDGSSCTVWVNEDGVGMASRNQTLVEPTWTDFPSFEDCNHFGQAVLDQDIPRKLAEFYELSKQPFAIQGEVCGPAIQGNKEKLEKPTFFLFSVFNIKEGAYESPEYCRMLAETLDIQHVPVLSTRHVFEDVTYADILAMAEGKSYNPATNREGLVFTAVDKNRYGHYPHFKAISQSWLAKHE	RNA ligase
NC_022970	YP_008857680.1	MQSQFQNILKSLEIARQIRDDEEFARLVELGMVQADIMNESFYWVDMQGRFRQYTPHGFEH	hypothetical protein
NC_022970	YP_008857681.1	MSEINVYPSIAENIYPGLTQAAKIVLLMTVPELRGVICPDTGERLREGLGMHGILECVWESRHKVHAMDQWANFMQGYKSEMPGSSDMYDQIQSVLPARNSLKHLLMPYLEACKRQTREERIAQEKYREQI	hypothetical protein
NC_022970	YP_008857682.1	MSKFEMLDLVCIHPDPEVSGSKGTLFGEFREKGAIGIVFYIPHGISTTGKVKNLCNEKGYGIVWHVDGRLRVMYGVPETDLVPYKGLRQEDDFPWSELPLPGEVILFREEGYVNGVDGNDKKAQYDTVLTGAVYGYSSDMKLLLVSVLPHGDEEEVPVENVIGLRMSITDRMPEEGYQ	hypothetical protein
NC_022970	YP_008857683.1	MAKLKLDGNILTVMDLTAGQAVEKVKQRIRMDVDFTQVTVVQSGPGVFQVSYPLNKGERGSYKHLYDKQEKERKANNPPPEPPPLLLA	hypothetical protein
NC_022970	YP_008857684.1	MLIGKFACVLPGCNSSDAMAVYEDEPGVFGGRCFSCDRMVSNNTLARSPLGEELGAVIIKGDRRAHAQRRKEEKEVREIQRKPVITAEDREKIQGNGGADTTLFRGIARQTNEKYGCITHYADNEPVVRYYPIHDHGELVGYKVRQIPKSFYAIGRNDKHCELYGQHLFPAGGKYLLIVGGEEDAHAAYQMLRVDQLQRWKKKNPYADIADAPLPYPVVSPTVGETSAASQLAANYEYINSFDEIILMFDADEKGEQGAQAALEVLPMGKVRIANLPGKDPNKMLEDKQAKAFINAFFDARKASPAGIVGSGQIREAMLNKAMAPKLPLPSFLYELSRKTAGGFPLNSIVNLIAGSGIGKTTWVNELVYHWIFNSPYKMGIVTLEADIAEYGGYLLSRHLGQKLALIEDPQEYLATIESDRVEQASNELFLNADGSDRFLLVDDRGDHDAIKQKIEQMIISGGIQVIVLDPMSDLIDGMDTGEQALFMKWQKQMVKAYDVIFINVNHTRKGKDNKTAASRGAELSEEDIIGSSTIYKSGNINITLVRNKHAEDDLERNTTLVTLTKCRHTGYTGPAGRVLYNIKTHTLISLTDFLNQQVEEYNQEHGESEGLEQYPEAACVEQVHSPEDVAPVYPQLDGPPPTGDDDIPF	DNA primase/helicase
NC_022970	YP_008857685.1	MEEVQKRRVVFDIEATGLIGEGTVDYTASPWRLKEDFKLHCAVARDIDTDEVFKWGPDEVMDFAKWLGEECSVVIGHNIINYDLLALKLTCGLEYTIGWGETKDTINGNPVKIVDTLVISKTLNPDRRPGHGIGAWGDKLGLAKIDWRAKAVELGLITENAPRGAEFKTYHPEMLEYNVRDVDVNLLVYKALMAEWGAWNWAPAVQTESYVAWVVTRQSHRGFFFDERLAQANVRELDQLMEECRAIVEPILPPKKPTKTEAAKYCFPKTQEKKIKGGLGLSSNMEKFLEKMGGKHLPRSGPDAPNYVEINGRTYGLPFDHTVSLLTEVPAKISDTTHIKGWLVDMGWDPTSWKERDLSSDQKTKAQLPFEKFEKVVTSYIEQTYASPFKKYRLEHLKEKLRAKWSLAFMMDNPDIVLEYILERGNDRQLKVWTNPEFTVGQDKDLCPALERISEKFPHVRHVTNYLTYRHRRNSILGGGYDPDDLDEDGMPVKGYMAYQREDGRIATPADSCGAGTSRFKHKQVANIPRVTSLYGVPMRNLFGVDTNKCWQIGYDFDSLEAKIEAHYCLSTAMRLSPAAAQKLKIKFGSNFAKYREACIQAAQEYAVALVAEKPNDIHTVTAAKISTIIGGDFSRTNAKSVKYGCSYGAQVARVAKIVGCSMQEAQAIFDAFWEAASPLALLKTVLTDFWKEKGNKKFIVGIDGRQIPTRSEHALVNSLFQSAGVICAKVAMIMHDQKLMAEGLLVDFWKDDWKNKSYCQQLIAYHDESQLEVTKDLVKFKMFSKEALGWQEIQHEDPEEQKKLQKKEDARCKALVQQWKDEMEESSGQIWSDIGESPKGGWFVGYSRAGETAIEAVKAAGEHFNLRVDLSAGYMLGTTWGTCH	DNA polymerase I
NC_022970	YP_008857686.1	MSKKGNTAPTGVAIMDYVDMRHQELEDFLLYWTENHAKGRDFPLEMPNDAEWFEQELAYLTVQGIRET	hypothetical protein
NC_022970	YP_008857687.1	MSIQVEETTEYVVCNKYDLTSRSYAFSLREDARKMKAQLGGKQLGWIIERITRKIVTEEVR	hypothetical protein
NC_022970	YP_008857688.1	MALRPKSTGNTGTPREFVNLPEPTPGNHEARVSLIVYLGEQNREDFVDENGESKAQKPVDQVAVFADLVEEVVDYGGDIGEQQYRLMLNKSFRGEVSGITLQATPPRDGEGRIVEGGIWTYHPNSPLTKLAKAMQPGAATAILDGTDLDIEPLLNQPFMCTVNVKKTPAKNDKKDKDGNPLVYTNVSFGGATQVPAKMMRAGVAELRQKPLLIDFDNVTIETARLLRRDVIRKIQQANNLAGTRMEAVLRELAKERGDKVPEAKEAPAPRPVATQQSAPPAQGPASDVDSFDDDIPF	hypothetical protein
NC_022970	YP_008857689.1	MEDYVVIKCRVNTGFAGGVHEDEEHMPRDEWEEMSEKERERFLEGFAQDMVSNYIDAHAWVEEE	hypothetical protein
NC_022970	YP_008857690.1	MAQNNTLVVNDQHNVFVLRLPQAYFGHDIPVAMKEDFQYWKEQLHLIAQGSKSTLMIPSTTDPESRQPLFDFQILPRKTEQVSPSTINIQN	hypothetical protein
NC_022970	YP_008857691.1	MENYNDEREGQMTEKELFDRLVTLHREKLTNADDRSQLKKDAKEHGLDKDRIKLIDKAAAHDAKRDFEEKDYEFSQLRQVYEELSEDA	hypothetical protein
NC_022970	YP_008857692.1	MSQPADTIAVIDGDEWAFKACSAAEGRAIIAKHIPSGREKEFNHRTEFRDFLKTQHGGKFTEDQFEIRDVQYPEPIENVLFTLKQMIAGVCAEVNATGYQVLISGPDNFRLDIDLPKRYRTPPNKRAPNGTEKAGRYKESRGDSLRPVHLSDAKKYLIKKHGALTTYRCEADDALATRGYAGRIAELKGAAQWIIPCTQDKDAMGVESRLYNPNKPGLGIMDNRGFGQLVEMGKDIKGHGRMWLYFQILLGDSTDNYNPRDILEWATYQAGGTPKPFGEKKVYSVLKDCQDDRDAWKAMYDQYKLWYPEEVEYVSWTDEVMRKDAIDIMQMYVDCAHMQRWENDRINVRQTLEKMGVIECSK	putative exodeoxyribonuclease
NC_022970	YP_008857693.1	MQQVSLTDWLEELDLVLESRGLPSAHAYFLEGLYGDYYDQGLTPEEAVEEEFG	hypothetical protein
NC_022970	YP_008857694.1	METVTEKGKLWGWFPHLYFVRAGVICVIQLGPLKLSKVGAIYGMGLFNRLLFQWGGR	hypothetical protein
NC_022970	YP_008857695.1	MSVRRRPWEELPEVWKTEASFLSWLRGGIRRAMWMRHPVKLEFIKNNSVEMVNTNPRSMKRFPTVKGAQCSKCGEVKRAADMEVDHRTGEYSLRSIEDLQRFIEGVVLVGMDDLAWLCKPCHEIKTHMERQGFQSWGEAQADKEAIAIGKKGVNVVKAWLKDHGVEPDTTAAKRRDQIFTVLKEKYK	HNH endonuclease
NC_022970	YP_008857696.1	MTKRCMFRQDDSCHWYLVPEEECKRFDELCALITGELEQDSEEWFDAICEFDNSYGHLRCGHPSNYVITAH	hypothetical protein
NC_022970	YP_008857697.1	MKPWHNTALELAAAGKSWRQIAVELGMAKSTVSDFLRTQNITCNKPMPKVLILDIETAPAIGYYWSRWKTTVGQNQVLQEGYLLTFSAKWLGSDDILECKLPDFDLYNTEPKNDRELLKVLVGLLEEADFVVAHNGRKFDLPTINAHLVKHDIMPPSPYKIIDTCDIAKKVFKFPSNSLKSLAIFLKCQHDKLDTGGFELWARVMDGDPEAWDHMMEYNVFDVIVLEEVYLKLRAWYNTHPSLSALIPQKVTPLCPVCCSDDLRPTGKLYYTAVSAFEVLRCHSCGKHSRTRQNVLDREHLVVGI	DNA polymerase exonuclease subunit
NC_022970	YP_008857698.1	MIMSDLLDAPEKPETTEMEVSIDQELGADLLMWLEKNYPDTPMITVYVTLLAATQMIAETMKVASTSLDEGVKL	hypothetical protein
NC_022970	YP_008857699.1	MKLGPSVMITASEYVASKEAAEMFKTIGSPSGWVNPVAPTEEEGEHTGSSSSYYQVEVRNPTSGGEPYIGECNDFIEALGMTFAEANVFKAIWRKAAERTLGKKKKGNNAVYDAEKMVFFSQRELIQTRAKAETKKE	hypothetical protein
NC_022970	YP_008857700.1	MKASVIAKSISYPGTSQFPVTITTFELEYPRFIHAELMTHHALFKNCASSRAIPTKKLIEQVRNNPAMPVHWGANQAGMQAHKELSKPLQVAAKYLWIKAAKAAAGMALAMHKVGLHKQIVNRVLEPFQMMKTVVTATEWENFYWLRDHEDAQPEFQHLARMMKEATAKVAPELLVPGQWHVPYVKTEFIPGLGRQYFDENGEVISVEQALKLSASCCAQTSYRATDKSQDKAEVIFDKLINSEPVHASPTEHQATPMHIAGGWEKGVTHQDRDGCYWSSGLKGWIQHRQLIPNNCKKG	hypothetical protein
NC_022970	YP_008857701.1	MSQGKVEFSLSVSDLRLVTGFKEAFAAYQAGNPKVLAALLYRNGMDTTQPYEVVHREHRNLRGQHISGERFEGYERLDESWIKKGAPSEEAIIASAKDGSLRDELIHMGRRLNPAQAMVDFLNE	thymidylate synthase
NC_022970	YP_008857702.1	MSESVQPYNGILIDYSLDRTIPEQGLAMLTSDGFYKKEHETSPQQTLSRAAVSYCFGDYDFAQRMYGYFSRQWAVPASPVQTNALDIEWPNFTEEQFDEAGDWLQENIDTTGMPISCFLSMIADSRKGLTTASGEAKELSMAGGGVGVYAGIRAPDELSTGVIEHAGDYDVMCRAYRQTRTRRGSMAMYLDVAHPEFPVFLQMRNPVGGDPKLKRFNLNNGANIPDAFMEAVIKGEDWEFVDPKHGKTGRKVPARELWEEMLQVRKDTGEPFMLFVDTVNRNLPECITHPLYRVRQSNLCSEITLYTSFKRTAVCCLSSVNLGTYDEWKDDPLFIADMVRFLDNVLEFFIRLAPPSMHRAVHSASKERAIGLGTMGFHTLLQQRMIPFESGGMGGMQQLNYQVYKQIKEQAVQASLELGRSRGEAPDCQGSGRRNSHLLAIAPNANSSSLVNVSPSTEPWAGNCFNAQGRAGSFLIKNEYLRRELEKVGLDTKETWRSINDAEGSCQHIEGLSDEVKAVFKTIREISPMWLIEAAAGRQPFICQSQSVNLYVHPDITLQEMSDIHIYAWHKGLKSLYYCRSKAAKSMKVGTGGAEPLNALPVRYTISLDEDTCLSCQG	ribonucleotide reductase
NC_022970	YP_008857703.1	MALTVENCLALQYKYVNFSYPITMNEDMMFVVPIPPYNTYFLIDAMDHSSTHGGSQLKLLIAGWFLFPPTASYEWNIMGVAEAEKNELFIPHEVEEADIILNPMQPPPEGQMWPHEIWTGQ	hypothetical protein
NC_022970	YP_008857704.1	MSVFVESTSYRPFVYPWAVEAARVHAIDMHWDVHQADLTDDKQQYFSTSGLGTNQVPHENHKWLLDKTLSMFTEMDRTVGEGYTKLLPYIKNNEIRNWLITAASREVVHQRAYALAAEEFGFTDGDWKAFASYKEMRDKLEVMGENRIDASWSEPLQAACILAQLLTGEGVGLFGAFTVLLNMKRCGKLIGFNDINQWSLADETDHVEKNIRVLKAMRKDLTPEENSILDQEIRYLIEDYREAEVKYLVLAFEKGPQHDLTFEQTVEYIDYLCRLRLFECELLKEHQVGENPLPWMEWMINAARHDNFFEKKVTDYSHSKLSGDVDYSKYNFMLTSRAG	putative ribonucleotide reductase beta subunit
NC_022970	YP_008857705.1	MASLFILRIETVCGKGMYADALSSKVQSKTLEGLGYPRWQATGLYIDLCMCLDKEKELHPVPEEDIPGWEDLAKDEKEMLTYYFGFSSWEQAREWVGLRAFNEMGMLGANLCIYEMKEEDVLLGGKQAAFKMANALRVLKMPINKGMQDLIWEEIEGYDD	hypothetical protein
NC_022970	YP_008857706.1	MTTKLLRFQAESPKGEKITFSLNWWSDGSTIWYRIQADRGASRAYTDIPCQQEAMKDLMEAREVWVREGFLDKFTSFTTKGGVGFHE	hypothetical protein
NC_022970	YP_008857707.1	MSKEIEAFDVAGRRLHVGDQVAIASTAGKATEMVVTTVEAVRAKTVILKHPTAWGAQTSRRHSAVCKIPELAGKEV	hypothetical protein
NC_022970	YP_008857708.1	MNKTIRAQLNNHYDRQGLTGNHRRLAMKADLRLVRERTDHDMAEWLQTGEGMFVGLKSAFVWSDTPEGYDFWLDKYGQSC	hypothetical protein
NC_022970	YP_008857709.1	MNDQNYDFHAEGKFPAHCDERAERFFSWVFVGKSVRGADKYGYTYSWNSRHADLQPTSTLQQRGAHSCSFCGRAALPIQNSGDRFAGYDYSVTGYTCICSGAMDELDWIVQAQRMKKRHQEEVEEMLLQRPVPPKDVRQELTKNRLMRLLSDVENSNLVSAMRLLEITSNRPSVWNESYEHLGS	hypothetical protein
NC_022970	YP_008857710.1	MNTWAAKRQEEMVECGYSFKKHDDGYWECRDEEGVLIETHRQLGKLISLMANSLGID	hypothetical protein
NC_022970	YP_008857711.1	MQDLYSQHRAAVKSLIAEGRKLKATYVMTLYMEGSSPKDEDPTVAHLTLGKTYDVITDGLYKDGSFYVVDDEGWDHLFSLDILPEEDGCPRFDVFDHFVFNVEGPL	hypothetical protein
NC_022970	YP_008857712.1	MYEIQLINDCNGCTATLQVADEEAALDLMEEMEYAWTRYGSDWMPSWLGFNPKLS	hypothetical protein
NC_022970	YP_008857713.1	MITAQTIADILIHLADRLYTQKSRCLINGLCNYADGKGSHCAVGHLLSPQSWEFASKYYGGVPGLEDDWVRRKDGSMETLYDEKFFIADSDVRRRLLDSLQFYHDEPSMYWTVAKSPSFSKVSLLLSMVDFLNTQGLDFVERPQSIAKGFWSEAKGILRNKGYHV	hypothetical protein
NC_022970	YP_008857714.1	MNKAQLLKDQLVAALRCDDHTLQGIVSSVVFGPVQGVEPGGVAIRGPGLLSDHRELVRLANRVWMNISYRRAGLVSDLAGFTRSVVDVMILKDRYHGLTGLRSVTLPGRESALAIDCALLKKQFEVIVEIPYQYEGWATDLVRAGEIPEGVTIVSSGV	hypothetical protein
NC_022970	YP_008857715.1	MHISITRTLGPEIRCKKCDSPTPARDIVEGLCPSCRTLKAWEALGQAAQELWASTFKSVKIDSVRLEQGT	hypothetical protein
NC_022970	YP_008857716.1	MQKALCNHRDLYAAYNRGEYDRVAVDLNRYFPIERDNQWEDGDANLRRRTYLVKHSKGVARWHTLYRNGQVHGVGVIFDVKPDDPFRTA	hypothetical protein
NC_022970	YP_008857717.1	MQAWDVFLNGQLIDTVFFDVMADTEEVRKALINHDGYHSDIVVKEAQ	hypothetical protein
NC_022970	YP_008857718.1	MPIKVGDIVAIRGDLRKKNDGSCQYLPEQLVDGKFLKHAGTGEIWTGQVTRVQGDMAKVGGGWRGVESYVPVSEINA	hypothetical protein
NC_022970	YP_008857719.1	MQIHFSSRTAARAFVKGSSLPRQVTDNGAEASRRWGVKLNISPSVRVLGCEYLAFGKAGNTVPVYVK	hypothetical protein
NC_022970	YP_008857720.1	MNTVQKTVLAFVLTTPLSLAAGAMIGKAVALPPALKAQAVSLEMAHAKDLADNYVPKMNIIHTATGAIELGQVYGDRLAGEVKMIVKGKVLASTHINGRSVQQALEEAAGGTIEDRVLNKDVTFRITMDRLYQSENFPQFTVVMLNSSVYGKDGDSLTALAARLEKQRLATVKLFEETRILK	hypothetical protein
NC_022970	YP_008857721.1	MTTLDPKELARQGMIKEAVQAFKDMGVDSPWNAENVATFRNYDVTLGEVDLSEEEFVEELDSIHEGVKIANISFSAGQVLLKMDPIAFRCACGEYESQLTEELEEALRDEDDDCIEFFIDPIDWEAVEEEEE	hypothetical protein
NC_022970	YP_008857722.1	MVKFEEIAQRFKNSQRRWDKPGVMAAMQEAVNNAPVKVVVESTSKALKPDTPTVRIIVREWIKARLGEEFTVYDIIPYVHHLATPSDVNNALKHWKLQGVQIPTIRQQQREAGKAGRPINVYRCDEFAA	hypothetical protein
NC_022970	YP_008857723.1	MRTDKSGARSERKEAIKASRELRNLRKNKRNQWVSKD	hypothetical protein
NC_022970	YP_008857724.1	MVIECHPGPVEYCFSLALCLAKVGVKVKLFRTGKEWGVIPCRDV	hypothetical protein
NC_022970	YP_008857725.1	MPRRLRAIPTWVSGGDEEDTPRKPVLSVIDRACPIQRKLNALDRDCEELRRKQDTLEPATFDQLANSLEERRQALWKAFESKYGAEPEEDNHDTIKALADASIQPAQHVDIGALLLLGLVALLFAAWLFK	hypothetical protein
NC_022970	YP_008857726.1	MNTNANPAQTLTPADALEAVELLMILGIEAYQSGAWLNESDSTVQVTDSAIALWSDTINRYKLLDLARTFAEEASLLELQIKAREVC	hypothetical protein
NC_022970	YP_008857727.1	MISLVLTLCTALACDDYVIAQDSDADIINHTLYVESEELGDAWVAPNANARIGRYLARFNISTPPAMVVDYDYTVEGN	hypothetical protein
NC_022970	YP_008857728.1	MHWNILDDVRASLAMVFLFEAVHDVAAWTLLGHKHGFAIEDVAALSAEFYLPLTEVFQALEEASGDVEEVRETLQQAAASRLVDDSLDYYSR	hypothetical protein
NC_022970	YP_008857729.1	MRSIKSLAREAYKNRYAFARVTVARDGNMLGHWAEEGFDPVKLGNIHDCSTTVNPRKTGVCFRNRDFLVFTFGMEVLK	hypothetical protein
NC_022970	YP_008857730.1	MTGSNPNIDPNTVALFTEIRFYMARAFFAHAFADQAEDAGQPLQGEILDQLPQGWSADWVPFHAADTLIAQLVTGVKAGYRSEKVQKATPVEIIGALFKACKSRHGGRAYDREATAENFGHYLAMGAMGTGVGMECFGPDVAKYFEGLPYVEFGSHSLSKDYF	hypothetical protein
NC_022970	YP_008857731.1	MATHKAIRDTLSAVTSLAFAEVERLAREVFREDPNCMNFCMAMGSASFYREWIDCNDPDGDWPMNEYLSAEEVYEMSGSQAAKHLDSLLTEFGEALRLTGHPLKLTRMTEDSILRQTDW	hypothetical protein
NC_022970	YP_008857732.1	MKQVSPKFIIHDSHLYRAAILPKVEKDSLGNWYTARYVWTKAGIPLARLIAGEDQNPLESFLLAEGAVMDLGQAEETTVEPATPWIVFVGDDPVAACTTNARAHLHIAEQWLNGNSTAKVMHWDEVNPDVLAPILRKLANRGIYLATDGPNIVTV	hypothetical protein
NC_022970	YP_008857733.1	MNIIDRTQGHESPNHCYIVTGSIGPEFEPLLFTSKSLAVQYAKQIIKHGKAHDVFPPFTPVIETRHKADMHRFTVHDKIPE	hypothetical protein
NC_022970	YP_008857734.1	MKNIELNIGGKDFTFKVEVVRDDVHGAPWEEQDGHGPVSDWTCRDKRPGELVLNSNGTRKRFYDFSEACRIALREGWDSYPHNLFGEQSKRQQAAKAARADFENLRAWCQDEWYWVGVIVTLLDEEGNKTDISDSLWGIASNDEDCIAYKAGIIADDLASGYGVRWGETEKTTYEFF	hypothetical protein
NC_022970	YP_008857735.1	MTTENLTSQEIETSVDEFLKSIDVTLATVPLGERKVEDWVHDLWSVSFIRGDGRRGVLDTEFRTGIGHRKATIPMPVDIRRLAPNILARVAWEKRHIKPVAPKAACILSSLILDCDVGSSTFEEFCGDFGYDTDSRKALDTYMACQETTSKLRRLFSQEEVETIRSLVEHY	hypothetical protein
NC_022970	YP_008857736.1	MSQVKIQEYIIAEVKVNHCAHLRKGQTIQARDARSSEKWIAFMVERGYSASEAAILFKDAHDVAMLELAA	hypothetical protein
NC_022970	YP_008857737.1	MSNVTVWTEEFEKAAAAEGWLIASTFSESSPYEVQAIDNPEAYSMDKGVPCPPRLSGDRAAWALFLSGKEPHHSAARSFISQHSPVEWRLILESVCKDCQGLGRGGPNTTDGGEHDDCCSCSGTGSSIL	hypothetical protein
NC_022970	YP_008857738.1	MNTFAYAHYVARMDKASGSSLPYSTLFRIALRNAYRKPGVRQYDYTALAEDVKGRELAQKRTRAEKAVVMAAVMRGIRMGFTVSVKDGSDGEWVVRQSTDVKEISDSLQSTCDDVIRFRKGRGPENVVGSLWAIYGNSAGEVIADWSDNDTMAMVMAPAERKMEKYAEMGI	hypothetical protein
NC_022970	YP_008857739.1	MKTGYLKKDSQERFNLKRAWTVNAWRIVDALGRDMVQPWANTKTEARQTAKALGIKLIEV	hypothetical protein
NC_022970	YP_008857740.1	MKSKYGKNIAAEYNLSCRVRRITFESARRHPDSRIVKLAASYACAAYGRPYKDCIGAYKTAKRREKAMRNPATWKLSREAKRAVQWLQAARNKRK	hypothetical protein
NC_022970	YP_008857741.1	MVTIALNHKNILDNAWAFYAADVMVRIDAMQAEEERQMRECMGNRDNYDISEIQKVVAYNESRGWTRRAKIARAILAERLAEPLIHSVDIAFAVEADMEEIRRVEVHNSKAPTMRQLIELRDKWIAEGRVDLHAQTVELIDGWADAMLTEKA	hypothetical protein
NC_022970	YP_008857742.1	MNLQAIVNALFEAGEEFKACKRNASGSINGNSKQAVKKRLVAKLMEAGENRSDAWAMAHDLGRNYN	hypothetical protein
NC_022970	YP_008857743.1	MAKLTAVREFNEHGYNWYPQVWVEALQLWCAVRWVRYQRPEGFVTAAAAIHFAEAGM	hypothetical protein
NC_022970	YP_008857744.1	MATEQILDIDHNPLEVGAMYCCVNLMLAADGREICRDYGALVRYVGVTSGEYKRHVFADADTWEETRVYADQLLKQQAPAIDPATQGWADL	hypothetical protein
NC_022970	YP_008857745.1	MKVQIGQHTLEITAPIRNNRLATEYCSVSLNGRRLYGGFNPFEAWGLFEDLEKALLSVEALSVESEEALHDW	hypothetical protein
NC_022970	YP_008857746.1	MFEFEWFDVGNAVIELEPGWLVGVGFGVDSLFVLTYVEREPFAEWLPWTP	hypothetical protein
NC_022970	YP_008857747.1	MRAPRGPIGEGVGKCPLPVSKPYQLDSSSPFQQASTKPYNHQSYHQSCAEHPGRMIKPLVSPLCQEFCNNH	hypothetical protein
NC_022970	YP_008857749.1	MVLFMYDVDPGSLPVGCYGAYLKTPKDICSALCELASWAKEGCPQHPVFKRQKRICNNVGKYLLTHGNYTPLAMVNWKLEYLMSWAGFSRGHPFPFELGGKRDEKGEYYENPNRLRFLDMVTMMSKMYYNDEMKRLEGGKNDV	hypothetical protein
NC_022970	YP_008857750.1	MCKNERFVLAVKLLHPKVKAGLARMVKWYKEGMPDDRTFSKYTRLCTNILLETSVAYALDEVFWDYGLSFVHSYPFEEGKRTDDPEAIYENPLRVQFLLDVGAVLKEEGYDC	hypothetical protein
NC_022970	YP_008857751.1	MTAEPTYAERVADLKWAWDRTDKGLQEVLREFVAWYKAGCRNSDRFTRYWRICTNVNNHWDSGPYDDFEMGNLFIAAGYHYISFPFEQGERLDTSDNIYDNPHRREFLDLLHVVIQQEDQQEAQNEAP	hypothetical protein
NC_022970	YP_008857752.1	MKLPEQFVDTLKGMPMSVQEALFELGKWKQEGLQEGHKVFKKSYRLCDNVAAFMEYRYPDRADVVYWPYTSALFLAAGFSGGPYPFENEYLDWEYELYDNPKRLKFIDMCWEVLNGNS	hypothetical protein
NC_022970	YP_008857753.1	MEIREYIWAELSSDVKEALLALVKWKDEGFPEHPHFTRRVRLCRNVVSFLEHKGMDRVDATILTIDSMERLTRYEGLKGGAYPFEGKVKDLQDVLYSNPKRLNFIETCRRKLA	hypothetical protein
NC_022970	YP_008857754.1	MTLNLSKAPASATHYSVRTDSLFTTFWRKEGDLFTRIWVADAQGFRLPEGRTPTPYEKDVASVYAKPLPSPYQGAVDNTVVASSRETSSPAPQVESGEPRARGKVDYSSLDSYIWSQAPCQANFFSLGLNGELNCWLRVEEGKIVTVWTEQGTMYNYHSSERQPSVPGPRFPRPQKKEEASPQEWDGEGLPPVGCTVQLVDISSPVSPPFDEWLLGDYLEVIAHKEVCGTVLPIVWNDRKQTGSSILPRLISPVSQETLAAEKERQQGIQEMVSLVSSMDLARALEVLYDAGYRKQEATK	hypothetical protein
NC_022970	YP_008857755.1	MNTHERLLRAVQALPRDLIPSLHDLVAWYHSGCPDGSPFNTSRRICGNVYQHLICERGVSPERACDLEDCLYSLYGAFLDVDLSDEGFPFDDEATIYKNHYDNPLRMAFLKCLSEVL	hypothetical protein
NC_022970	YP_008857756.1	MRLKRIEQINFEKFSWQTQVALKELARWVFKDMGPWTEGETHPAFYRGYRVCTNLRLWELHYGWGDKHGRTIQTELSEEFMRVGLDVDLPFEGRVSEDGIFVLDEDAVEELYDNPLRQRFLRLALEKLSGPKVEVSEMMEDALTAVARWAILKESFPCFEPRFRICWNVENYLTWLGKSEAEVAKAYQELSKVFGVMYPFESEEGFDTEGEIWKNDRRLSFLAQFI	hypothetical protein
NC_022970	YP_008857757.1	MRDVTCFTQKEAHLYGGVLGMQDLQLHLQGQGMSAEEASAKVRFLVSSSGVSLHHSTVREIAGYCWSAGFTFVDIFPLLRAHGFSPAQCWDEFLRVWWWWENSYRQDMESRFKLMEGSLKHE	hypothetical protein
NC_022970	YP_008857758.1	MSDIYQAQKEFAKACKSTSVVVWCRWAQAGGLWFSDCGLEWGFIEDGPQENGMNYCPKCGKTLLSKGGDENAGN	hypothetical protein
NC_022970	YP_008857759.1	MQGIKLSDAIVQGMGKALSTGKLSAMCFHLMELLPHEHPVQEEFHCWLETYLQTKGRDYSFVRTMLEVHFEELNPGTLLTRQDLGHLWCNFYVWAVFDMKRKGI	hypothetical protein
NC_022970	YP_008857760.1	MSERLRRLEAEYSRVEREWGGLARYELEMLRIQIDSERRISERNSYLSIFGCGNAFHGRKYD	hypothetical protein
NC_022970	YP_008857761.1	MKTYEASVLFDASLAGSLSVEANSVQEAINLLEDKVGYHSPTLCYQCAGHLDLGDMTGMVVYCEEEEVADTTYAGEVIRTLNKKVKALEEDLSKAYKLLSEIRPSIPQDVLKLWCEDRDTILSGLRSVE	hypothetical protein
NC_022970	YP_008857762.1	MMENRNGIVEAACPKCGGSGHADSGGVQPWGEPISIPCDCLTEQEEFLAWANEEYEVEEGYELNESNPAVMENKKGWMARAALPKRSKFRQHLDECADEVDTWPSYKREALKNPSPKCSTCHDQGEVFIGPGKVESHMLEEPEPIYAPCPDCAKPFPVQAEQAEAEQPEVVAFRGLREPLTTVAECERIVGALLRQKHAADTALAWATRHYKSFGKERDAALARVAELEKELAMARDAASKGDAARHAACGMEMEIQELKAKLAELEKQEPLLHINPLVVDELLGRAKRSPGGLTWSKERCGSWTLPLYAAPVAQAQHSMPEGYRLIRLEHFAAIKAQLNPEQVDAYRGRNVYDEDKVYANWNACRSALDGIKDVFQQIDWDAENELAELLAAAAPGKEVGHE	hypothetical protein
NC_022970	YP_008857763.1	MSEVKRFWCDEARNIRCVREDDYDALASESQARAEELAQALRHLLHNIKASGKRIDLGLAKECAEAALARFDSTAPGKEVV	hypothetical protein
NC_022970	YP_008857764.1	MGIWMEVRCEDRSEEWSEGHGYFPHRCWSHENEGPMGEAPETREGVINTYRHLEEEARSLGWVRFRHGWVCPYCKNLRPEL	hypothetical protein
NC_022970	YP_008857765.1	MSIDWSKAPKDATHWEPDSPRIFGSWMKKEGDSWFWRDEIVGRWSPSRSISEQRMRTFEARPQETWDGQDIPPVGIAIEWLSSVHGWLGGRVVGHDGSVIVVSHNDGYTGCHPHEVRPIPTPEQIAAEERRKDIIEMANVIREAGDGNAYVLAEALHDAGYRKKESDDD	hypothetical protein
NC_022970	YP_008857766.1	MTNMREEFEDHFPIPEGIEWRDTDYFPVQTDNVHVYVALAGVSARYTSMWKAWKASRSALRVELPDDGIEDCWRDWPNSCRDNFDTGYCYATDRITQALQQAGIEVKP	hypothetical protein
NC_022970	YP_008857767.1	MTKKQTPEQRIERALEDFHAYKSTWKRDERGLVPTFIFKGKRHTLIEMQLKIEQKRKQIASKILKSINDGVWL	hypothetical protein
NC_022970	YP_008857768.1	MTDHAELRRVAEAATPGARYQGTDERVIVSGNGTIICTVSGAISGPSVMADAEFLCSTDPKTVLSLLDEIDRLKVENVSLRGALQAVVDDPTWRSNDNTLWPKIIKAIAS	ead/Ea22-like family protein
NC_022970	YP_009252177.1	MLRWMLRSGKPVMCFGLTKCEQPKHPLMLGYDTPLQMLTEPGIT	hypothetical protein
NC_022970	YP_008857769.1	MKKFSETYYSWSGAASRARILTDLGWSVSLHRGKVEGSTNLIWKLEATR	hypothetical protein
NC_022970	YP_008857770.1	MSEKGMILAKYTGLLCGVKVLQHQGDKVRVKVVDEKRPKWVDLSSGSYKLFNDTEEAIQWIEALNDESESHMREYFENGCLCILRDKTMEKAPASMPDEDAVKFYMDNCKCSRHPDHGFRKG	hypothetical protein
NC_022970	YP_008857771.1	MKGVHEKLSVDVWGKVVAYVSNLRKSSPLLEELVVLDHPGFNPQERRTLNSRRKAYHHLVALFKDLRQGVNHSKAKRLHRIASMLSK	hypothetical protein
NC_022970	YP_008857772.1	MELNRIKAADLKAECGILAGEDEILGTRCLDGGRCHHRCETSCFRKECCVPLTVSRLKDDWTAPDDYLCTGSESNT	hypothetical protein
NC_022970	YP_008857773.1	MKIVVNVVWKRWTPEGNEYEGASEEFEVYSYAPACEIVSIVVPTVVRKVPGACLIDAVKVEATFPVEGHEDPLRAKDIEVALESLIKWELPF	hypothetical protein
NC_022970	YP_008857774.1	MKKEKGFTLTEAMIVLAILGILASILVDTKSSWDESKFQEAQEKQMLERKDHGGTRWNE	hypothetical protein
NC_022970	YP_008857775.1	MSTLTVDLYTDHADGPQFEPSWIVLSGNLKRDTLKLFNLVSDRAARLGPASYVHLSHLDSQANRNKEVRTYLDALQQDVLSIHLQETQMSNKHDPFTVSVTSIHGGGVGWKINGVITCTREMDKDMAVLFEELERRRYLPQPDTKETPEEGYPANQVLLSPMETQNGFQRLHIAEMERQANTLLVQGKEAE	hypothetical protein
NC_022970	YP_008857776.1	MKSRPITLILEQDTVRGMKVFCQRQFTGDEGYLKEAMYSFLKEKAGQYDDWTLQGHPSTIQLRTELVTYLVNNGV	hypothetical protein
NC_022970	YP_008857777.1	MGLDVIELKLNSLEEAFHGLAYVSYLEVMTDPGNGFGSVQVSRVLTVEQYDCLVGKLPKRPKACQVLEHENRRKRLNKRILNEMVYQCTMEFQKVLTDNVEAEARERGEIL	hypothetical protein
NC_022970	YP_008857778.1	MTTIAYKDGIIATDGRITQGGVITDEDAEKRLEVDGIVFWLSGAVCDWKVIAEAYVNGDGMEDQELKVSGLVLDGDGLHFISWDGGIYSEKVNLERPRAAGSGTQFALGAMMAGASAEEAVEAAKALDIYSGGTVRSYKLWD	peptidase HslV family
NC_022970	YP_008857779.1	MKKMSKMEQLKLHFQTPFNREDLAFLGAEVWDAAVLLAWWTARVVILVGLLPISYPLIRLYLKKVGRA	hypothetical protein
NC_022970	YP_008857780.1	MGFDWQKVPLHLREVLWENEIQNGMVEEVDCAGDCGKSGYPNYFGHCKDGEFYCGGSPRCCP	hypothetical protein
NC_022970	YP_008857781.1	MKQVNFEEAISNLERGISVVLYLKGLEGFADDLIYRTYLFKGGFGHVKDSYSDGTAMTALLPLEGSERMGSVLKDCLVWDLSSAHSVSYNGV	hypothetical protein
NC_022970	YP_008857782.1	MSFTPTSEQWDIMEAAEDLAAEQRPNRRLKINAGAGAAKTTTMSLVSQRLQVTSLYLAFNKSMAEEAKNKFPQWVVKKTTHGLAYGVFGAKLSEKLRRPKGGYVNVLGTGAEIARYFKIASMESDMGVTVTASSIGQAIRDTVNRFEYSADEELEVKHISYMPLAKLSEKDRVDLPYYEALVLRYAKALWKKRIDPNEQTLINHDTYLKLYQLSKPDLSQYKVIYLDEAQDTNDCVLDIVLRQQDSLLVMVGDPRQQIYSFRGSVNAMAKIKAPECKLTTSFRFGEKVAEVANIILQNSKAQALHGWEKLESKVWESNGFLADGDAEGVPEIPEQHARLYRTNAALVWDAVNLIGQGKSVRLEIDTRDFIRLLESATALYQGDEKKVKHENILCYTSWQEFRDEYAESPGELGRVCRIIEGDDQWKIFKALRDHENDPSADIVLTTAHKSKGREFDVVVLADDYPSGYDDKKRWVGLNEMEQNLLYVAATRCKKHLYGNTTLDNIMVETRAMWLEAKEEE	DNA helicase
NC_022970	YP_008857783.1	MDQENGGPIRDYSRIEARANELIKRANRLRADKERKGNKKGRQLENQLMPLFSFIAFERDDPWPLEMDNIFHGVANLDWYRSSAGGKEGVSGTTGNYRQVPLSKSALRKIFTFLPLISTEEVRKLLLIDDRQASRYMKAALLAYPKLCEFKENFYEFHPDQ	hypothetical protein
NC_022970	YP_008857784.1	MSLFYTGVGSRETPGYILDIIVKLGYYLSAAGVTLRTGGAPGADQAFEEGWWKHQIWDGDGTSKGRIYIPWNGFYDRLHHGDAYGAVVSLSHISYGLEVRAQQIAQQFHPAWEHLSIGAKKLHTRNVFQVLGDDLETPSEFLICFAIPNKDGSVQGGTNTAVKLAKAHGVRVTNLHNEESRGWATEWIKRMEDRYGTIPE	DprA-like DNA recombination-mediator protein
NC_022970	YP_008857785.1	MELVIEAKKVEVEATYSPYSGPEVTVELSGVKSTVDALLDQLDDDDILDYVISNIHPRDILGEMEVYDITSFLESKGFEVTT	hypothetical protein
NC_022970	YP_008857786.1	MKTLEALCLSTLLAASGLLFEIMVGIETSRFHLLEKRAVLSSQPLDEVQKRETYKVLCERQKSCRTLAEAIYFEARGESWKGKEGVAHVIINRVNNPDRWPSTVPGVVYFRCQFSYTCDGSRKAGIQEKAQWDQSKVVAWRALKGLSKDPTGGADHYLNPAKVKYMPRWTKTMKKTLRIERHVYYKS	endolysin
NC_022970	YP_008857787.1	MKMLLRFTHRTTFDSATAKNTAWLQMDSLIRFMGSLGYGFLAESGSFYTSIPELKSKGLQTLSFQTAVDLHNEPKSLWLETGRGSGTLAPANPKLKGLELTPYGFQLSQATKIVKRVFLTRTRKSKQANFVIFCYKHEVKFCQENFSREFLSTAFPVFRNGLASFL	hypothetical protein
NC_022970	YP_008857788.1	MQKVTMYQKDKGGNFKQWSCWSEGDKVFVEHGKEGGKLTVKVTTSKPKNVGRANETTGEQQAHLEATSKVEKQFKAGYREDKSDLDNVPILPMLAEDYLKRAKSITFPAIYSPKMDGVRCLALRHEDGRVELRSRGGEQYILPHVAEALAQIMEIGDIFDGEIYLHGESLEDIQSAVKRTDTLKEVEKAEKKLMKYADDEFSDDSELQEAQDALDLAIHIAALRPALQYHIFDVVSCKALGVTVDTQFSWRLDALRRIVYSADLMGNPTLFVVDQDVIFFREDVDKYHDKVVMEGYEGIMLRNMTGLYEASQRSSDLQKYKKFLDEEFEVVDVVEGKDGNAVLRVFCPRVKEKADGRGQYSTGIFDTTFGDHAARRDQLANPEKYIGRYLKVKYQGRFKKTLVPQFPVGLCWREMDENGNPVD	ATP-dependent DNA ligase
NC_022970	YP_008857789.1	MYAQDCKKRERVLLELSYEETKMLAALVGKVSAVAATTPLGAFMDELYLTTVHVADQHGSNPYEEQFGVQAIGEVDEFAILVKSYDGQFR	hypothetical protein
NC_022970	YP_008857790.1	MRCAESFAECSVGVRAKVGAVIVQGNKIISQGYNGLPSGLEGPLENEEGVTRPEVRHAEKNALLWLSCSQESAQGAWMFATMSPCEYCAHDIVDAGIKRVYYRHQYRLTAGIDYLLKNGVEVIHMPKGD	dCMP deaminase
NC_022970	YP_008857791.1	MKTMIVVEELNNGLKVYRPKVKMYQPLLDRLFSWHPNKWRDCHLIWPNTVRKVEVWVMDPTDPDVHIPEGHLEKAIIAQQEIYEGAVALKSRCPNIEDLTGLDLSKSFAELVLDMCIDSYNAINGCRVENRYVLEYPEKKRGYSL	hypothetical protein
NC_022970	YP_008857792.1	MSSTPRTTVVTFQDFSALDFAPPATWYIQNAMGDYVFVHTRDRMKAQTFVDEEYGKGRYTVKASKMQQAKGDLTCRGTATRKGQRKPS	hypothetical protein
NC_022970	YP_008857793.1	MTEKATQLNRQDLFKQMAHDALMSVLVPIMPDEDTLDRLYQAVQVVNLEPLAKEFDRVMTADGTDWKKIRKVDSFLRSKDYMEVNGRYAVVQAELQDQVGLMLQALYSVVVPEEKRPKQEETAEVSEEAVES	hypothetical protein
NC_022970	YP_008857794.1	MSVKPAYPADRKRIRVVEQNPISFLQAVEDAIAEGYRVENTMAGFPVVSSASGVRTITLFHEEVCGPTEVASPEAVKSLSENAVEVKDYNLMNFLLAFQSQVLAGYTLDTSRVSMLSSSLHWAVLEKGQDENVVFDFGSSEPEAEAESQPEAEPQATEKPARKKRQPKPKPKQQDDAEQEQIEKGENE	hypothetical protein
NC_022970	YP_008857795.1	MRCKGCNRIIKYPSKNSVSGKHEDLCSLCQGRAKMVGHTENYAFPHAKQGLTPVRQCD	hypothetical protein
NC_022970	YP_008857796.1	MSKFVKGQSGNPRGRPTKEAQALKAMSAGELDHILKKLKPASAKAIQLMIDEMTNASQTSPVRLKMADKVFAAYLAALRAQASIDAVKNKSDGVPEQEDEPQAQVVEFSLTMPAKRGA	DUF5681 domain-containing protein
NC_022970	YP_008857797.1	MQVPVEVMDRVFPESRVYVESVLADCQTLEDLVNHRISLSRKMGLKVPGSPEYRELWLAEQSIHEIEGYVLGSCGVGASQPH	hypothetical protein
NC_022970	YP_008857798.1	MRNMFVTPHARKRFRERFRLQFHPSVFEDGRDIYVIRKLFAEAKYCDFELRMRIGNYNALCVKHGRVVRVSKVRNFVFVHDDSTIYTILKEGMVLSNVRF	hypothetical protein
NC_022970	YP_008857799.1	MTFQFTPAQASVMSDDKHSIILYASHAGGGKSHLVAKWLTEPMHLEGYRGLAARRTIPYLTGPGGLAQQIVDVDPTLRFFRRDLMVRTPDRRSSIVLRGISNEEAPRSLGGFVFQRAAVDEANQVDSSALTYLLSRLRNSQCPEITPQVLMTFSHGDYSSTFLDALVRPFIEKGDSPRGHGGVGRIDPKKSGQTRWLTFLRGLPVVAKNQESLIDLLECHTGQEPEETNLIPYTLYFQPDVHPVVKELHPEYESHLKTLASPLSVQMTGYWG	terminase large subunit
NC_022970	YP_008857800.1	MAYEMTPEDKVLYDAIARIGVLGAIQAGLMKAGDGGEPAPAPTVDTLEGAGVTGKAVMKAADAAAARTAIGAGTSNLTIGTSSSTAKAGNWKPAWADVSGADAAVLAAIKDKVSLITSIPADSDLTAVTSKLNALINALKA	hypothetical protein
PP551948	XAI98125.1	MRANTNAKHSHLVNVFRLPLECANPLVVRSLLVYI	hypothetical protein
PP551948	XAI98151.1	MILARQTTCQRFPLEGLTHPLEYALYIMRRK	hypothetical protein
PP551948	XAI98127.1	MYQLNAMHSHFAPVKCVSIGLFLCYKTYK	hypothetical protein
PP551948	WYN04970.2	MIDTADTSKDCMQNLIQHSDQFAVVWKLDKGFDPLQKWLDKFNIGETAEQLTDYDFTCEPIHTDDTP	hypothetical protein
PP551948	WYN04971.1	MEFEKMVYGMMTKVELGREIERLTRMQHRYAECGLVKLAQSYAGKIVVAALVLACKD	hypothetical protein
PP551948	WYN04972.1	MAKRLIHTATHTTNAGTVHTAKVYRCTEWNEWVVQFAKDRNTNFKASYHAGDKQDAIDTADYHIKRMAAQFA	hypothetical protein
PP551948	WYN04973.2	MKNAHAQAKAAKVERPNMSYRLLFRLALIQSHKEYKQMEAEKKAAHKAWAIEHFEDCIAKTVVHYDALGVNDYYVAIEHSKARNDYTLLTHKVEGDTSSPLGWSNYADAIKTHSRQADQYVLAYPGTVKLHAQTYLSKVLESLYENLEQIKAN	hypothetical protein
PP551948	WYN04974.1	MRLTIELKRSTKAKHGLLLLVTRKDQDKPFVYAKPFDMSHARAIKQRFEAWGKLGWPYEPKG	hypothetical protein
PP551948	WYN04975.2	MINKIRKGMHYAQKGQGHMMNGHGKRVYIQNAKGHNIMRLDWIGGREGYIVYGNESRNVTRMVRNALASVVARDLLNPLTCQDGYKVTHPSQKAKDLVANNSHLRERLTTLAKLAGISTLGVLMTGCTLVGNMF	hypothetical protein
PP551948	WYN04976.1	MAKVYRVVGRTGRGMYAGDLYYTACYSKAHDNLHPLAATEHRQPNPYHDAALRDKWRELDDTEEYFFGFATLAQLKRWICKQAWRQAMHDNGGTIEVYDVPAEYTIRGDCQIVFKMVEARKVSNLRLDTLKAA	hypothetical protein
PP551948	XAI98128.1	MQSLKDRYDIYVQCAKDLGWPIKTFDEWLNS	hypothetical protein
PP551948	WYN04977.2	MARMALVTHGTTLAGFKAIMAGDGKDDLGHSPWTVSDNDGQMYFFDVKATGDDYGHDIDDEQTDAINCTANQSFEAARLQYAVQGKGGQVVVLICDVPDDMLELDYSCHGDSDAMPNARAVPCSDFDPKWIVDIQVADFDQWDCVAALACVWDNQLFNSGSVPLKLAQLVESVKGNYELTESLYDFELVSVDVQEFIANNV	hypothetical protein
PP551948	WYN04978.2	MRMNCTIWNALNQCSTTGYEIEICSQMVANGMYVRVFRDHKGWHRIALFESDAPDSGISGVIVMPCGEIYYKQTARHAQGNGYTRQLQAMLTVLGIKWYASQWQTESGAACYKS	hypothetical protein
PP551948	WYN04979.2	MPVSTSNSSTCPDACPIKLKGCYAKYGPTGMAWRNVDNGKAKDAVEWEQFTRQVKALAKGSLWRHNQAGDLNGIEGKPDFLDSDKLSQLVQANRHKRGFTYTHYPVIDSQYAKHNAENIARANRDGFTVNLSGNDIAHADKLKALDIAPVVVLMPRDAEKVTITPQGNKVVICPAENSDKVNCLTCGLCQVADRNYIIGFRAHGTAAKTVELIAKG	hypothetical protein
PP551948	WYN04980.1	MAGIRRPPKAPSKPKAKARPPIHQRILGRAAVEVDTLADLELELEKALELDLIEYDTYLDCKEALQIRQAKAKEGLDKATGRYVKPDKKVDIHARSVRRCPLTLNQKKVIFVVLFLIFLKFFC	hypothetical protein
PP551948	WYN04981.1	MSHGIYLNTESLKETMRLVYAVKQMLGRDHKVRVGRQDGRWYVAI	hypothetical protein
PP551948	WYN04982.1	MRTIKAQEFVKPWEYEAAKKAARRQDIGRRSGRRGTQAWGNWQEKE	hypothetical protein
PP551948	WYN04983.2	MTTTVRTDAVSKAIATMIKNNGSKFFGVTFVKKDGTLRTLNGHVRKVEGHEGKNNASHYEKYVTIVLNEKDEKGREQFRNVNTETIVSLSIGGRKMTFA	hypothetical protein
PP551948	WYN04984.1	MNRTEALSLYTSLMREHGLTVKGWRAKINTRASRRLGCCSYAKKTLDISAWHVDNGTVEAIRDTMLHEIAHAIAGHAAGHGVEWQNVCRRIGAKPQEYADKDDCNTPTWRLAIRHKDGRIEPLKVTRYRRTDMSGRWLTGRKEETANRLIWIENKV	hypothetical protein
PP551948	WYN04985.2	MLDPPDDFDDEPLDSDDDVDYPDDEGYDIDECSANASSDWQGDRF	hypothetical protein
PP551948	XAI98129.1	MQPLDKNSFSGITRTPGHSFDRLKILFKKIL	hypothetical protein
PP551948	XAI98130.1	MREVLICKRKSFSFNYLNATHSHYQNDAHPPHLVLQCQGFRLSFLLWVIIRFLTMNATP	hypothetical protein
PP551948	XAI98131.1	MVWVTHWVASSTGKNSSTDFYRFLDRFLWRKIPGQIFTEKFTRVGW	hypothetical protein
PP551948	XAI98132.1	MRAESFRCDYRIANSSIDFHRDIDTACNTLYNGCINQQGDTTCPTNSAATLATESSPPTLALLYVIGMATTTALLPSLAKWLRQPLTWL	hypothetical protein
PP551948	WYN04987.1	MRLLGGLIVLVFLVFGFMCCWGFVEASIELFTTEFTNRAEYAMFWFMNVIVLLCGMMCFAVCPLIINEMD	hypothetical protein
PP551948	WYN04988.1	MINYELKEQYIRVKWKKKELGRIYHEENGWVYKPNGCQGRIVSEAFATLPQLKHHLEHGETYSV	hypothetical protein
PP551948	WYN04989.1	MQDFLGQDVKVGDAVVFTGSSTACGLGIVARLGNDRVGVISDTYEWVTAPTYFQLASIVVLSGLSGMSDKVLTKINELRTFCEEKGLFNETPVEKKLTKKYLVMYNKDTKEVRVIMHTSRDDQYKKCAAIKGEMGCTSQYDTPVKTLSLYKGEWSVPYYGAGNAIDLPLKTLKAWGLDGYIDQVVPADVVEKLNIKESRGY	hypothetical protein
PP551948	XAI98133.1	MGCRVNSFLLYSRQEKARRSGLLIAGSCTIKQSSGQLFDSSLKEHSTLGDCCCPQAFAERFQLDSKNSDLFFRIVCRSCSGYCLSHTRLLICEEAVLASRVLYTLTTYKSSSIIRLLVSLPTAPCGLCVGPVSYDLACVVYAWLLRIPSSCRTLPLASYALKWYSLGHRFQIVFGLHDGLSTVVHCCPFFRCDAAIHHHDSDHAFEVAAMRDCTLIEVCLFKQSEDAFCHCQLFFFGHLFITPSCRVALPSLSVVSSKCRP	hypothetical protein
PP551948	WYN04993.1	MNVASLIEWLKTMPQEATVQVLSHSDGHGYYMQGGSCTVEDFHNCVEYMGNALDRPYIYGLHFELTTDKDGNATLQLGVMNK	hypothetical protein
PP551948	WYN04994.1	MSGWMWTLTVWCLIGFLSCVWCIKDELDKGENFDALDAVLVVPTTFFGPIFTIWLIKENWKVNGAPVIIKGRDKNERGLAD	hypothetical protein
PP551948	WYN04995.1	MHKLCPGCNKPMIDGQAFNGLLKCHWDCQDVVREQMGQEEADALIQKNINLRLLQDGITPAHPLFERLGGKL	hypothetical protein
PP551948	WYN04996.1	MKLYVCDKGWKGAAIVVAESREKACEVANVSQWNYNPDDWEEFELNELVHTVGDC	hypothetical protein
PP551948	XAI98134.1	MQRLSSLYHRHTVSFRNSFDTFQCFVKDRSTSFQANNTQRFKLVLHLVGCVAAGYNVALHITFGAVDAVDGEVRQSQLAVGFLTSALGEDDASVVAAFSRQQVLHASVGQVELDPTLLGVLRFPNQMLCSVQVEFDFGHVERTTLSHLFLRCVRFDVREYEGFRPRCQLLFQIFYSQTTCSQQALQFQHRFALAMLLSNSAHDRVQSLFGDAFVQHFQKDSLKASTSRGHVLNLARGDSDSTGQGELTLSILCNPVTQHHFPASTQLLLFQMVDDTCDSISASFVDVHNPLFVSQSVDGTLTVEGYNALSFTDFTNDSGDLVFSLHVVLLLDSENGTDDKAASDDTCEVLAVVQV	hypothetical protein
PP551948	WYN05000.1	MHNFKKGDKVVFVSAPGFGQPWTEEGMKGVVISERGQSVPSNMMVECTTKSGAIILGEFDPCRFKAVVAPVVAQPTHKPMTIDVAHRLVAFDMELGCMQAELDNLRERIAQRMEKFQMLKDEYGVEE	hypothetical protein
PP551948	WYN05001.1	MLTMDKDLCKVKYVEDGVTFFYSSSDHLVKGLNQGGFGPIRMANYIIDAKGQFSKARTFNPEVANVLLAMGREEVNKFFDMMENI	hypothetical protein
PP551948	WYN05002.1	MLLIGSRALVANYPELTGVRKTTDWDFICTIEQFSAWHRHNKGNLQFAVPTQQGKYYHARDKDGMNYEFELAWPGTSAELFLKHYGLLEHKWVPEIGPCPAIGPDLLLIKLSHRYKRNSPHFLKTMTDIRWLREKLGAAYVEYFLNMDLNKEIMALRESESYTYAHPKLNVTSKDFFNGDGVNYVYDHDSIHLAVALDSVVQWGQPCPDNKPGCLVAHGKRINTPAYTKYMKDGSEVMTSKEKFFAVDEKTRLHGVYEESCVLALERSQIPHGLGKEGGPTARYSFEMALMKVCTSITSGWFREYAWENYQKVLDLYNELGENDYIERFKRFEKLLKPYTGETY	hypothetical protein
PP551948	WYN05003.1	MTDVIEYTDEQKREALNKIAALTTEAQNLVYEAESIADEYGLEFDLDIGGYGMGGTYYSEKYVEREGLRWSEPGWNASSQSC	hypothetical protein
PP551948	WYN05004.1	MTTRTYVSTSKENARVVLDGGVILLQVTRSYGYQEEPESMSSYESYDLEGLEGTDIEQLAQLALAMKNLPDEGVFDMDYDSLLEFMMEWASDTAEGAELPFTFEDKYGDSQTYTPAAMWEASGGCEWEESAQYGYDYGWNV	hypothetical protein
PP551948	WYN05005.2	MFVANLIVQGQLNIEGAEVIKTWSQSIDVMAGRDYIDGYELDSERLGPDKYEVELDRCEFTVEEIKEYIAGDFPAEHMAFEKARREAVTRVAELIAQVTPAMNELLTLANEFNIPADIKVGKYTNDFRLIDAVDWDSSSMYC	hypothetical protein
PP551948	WYN05006.1	MSINNLEVYQVANIHSCIALLQDAIYKGNVTAGWWKNIVTGEPHAKGDITLILSKLALVHSEVSEATEGVRKALMDDKLPHRPMPEVELADAIIRAFDLAGHEGWDLAGAIIEKLYYNDKREDHKIENRLKEGGKQA	pyrophosphatase
PP551948	WYN05007.1	MVTVERNVDAMIEAIRNWELDAGEGFDDYFMASWPCGSWFYFLLGKGHTEWANKLINDYEQKKYVCQEEQFQWFDSYLYDENGKELGWSEEMYLKNVRVWAEFLVESDQYYRRVVEFFNKGEEE	hypothetical protein
PP551948	WYN05008.1	MSMSTHEATQYIAGMVEAIQVLHAQARAVADEYDIAFDITFEGGRNYNTTADYAPGWQSSSYNC	hypothetical protein
PP551948	WYN05009.1	MTVTIYSKNPCPTCEQAKNVLKSRGIEFEVKVLGQDYDMEALMDKLEEVGLLGFRTFPLMIQNGKGFTFNTINEIV	thioredoxin domain
PP551948	WYN05010.1	MRHTEKRFLTEDAGETGSMVCTVETVRVKDMTEYSTREPQISGNIQIRDCGGRPVNLDFDAWGEKSWKKRLDKLDGMIAQLQRMRTQYHEMWWSHLRDIEFYKAEQAKPKERK	hypothetical protein
PP551948	WYN05011.1	MIELYAGWGLTVGCFIGIVALPKYYIPTLVVGMVVGALLLQGI	hypothetical protein
PP551948	XAI98135.1	MLVTYLEAPSVLVSCASVDLRIVHIHVPLVNPISLNSLNDHEALWSGYPLLTFVESRTIRVVKLLCTVHKNAPKDVVSMEASLQLLRWTVKPFLVRIERNACHSLRVDLRYRVFGQSLAVVSDKLSTHFRFKVSLQCRQNLQITCVLRSVKERGVDAALSWRQADREIWCNSVTC	hypothetical protein
PP551948	XAI98136.1	MQQCHLLGRLCSQRRSRSLPEYHLLSGWLY	hypothetical protein
PP551948	WYN05014.1	MIDYSALRKRQIIDGDCPPWYTTGGIQLFYDKYSYNNETVKSRFKTVAAALAVHAPKEYPSWWNVIPYWAGKTWEEAFFQVMWDGFVSPSTPLLANGGIRKRGTTVSCAGGNVGNNLYDRYDFLTEAAILTKHSHGTSYCLDDWPAEGDPIRGGRSQGLMPLIRDIINVMEEVAQGPRRGSCAYSIRPQHGDFDKVADYLYERTESNNVGWLIDDEFVKMMREIDEGAMRKFAKMLGVKMPRGKGYFSFIDKMNRHLAKAFKRAGLRARASNLCQETNLPSNEIYTFSCVILNYNLEMYRSWPEKLVFVGQVMSDCNISEYLECMAEMSPQDQKAMTKIRKFTEDFRALGSGVLGWHTLLQTESLSVSSMEAMMLNIRVFKGIRADADDANGWLAVTLGEPAGCVGLGQRNATMLMMPPTKSTAELMAGASEGIGLDVAMCFTKQSAGGEFFRINKVLLKLIKEKGLDLEQCVKDMNERKGSVQHVTWLTEHEKTVFRTGFEIPMEDHLMQCSQRQKYIDQGQSINLYFTSNDSPEYIGRIHRLAFEDEEILSLYYIYSMRGAGEITRVESCEMCQ	ribonucleotide reductase
PP551948	WYN05015.1	MSNEFEAVAMGLPFDWDAKTRIMTHTDSYATVYPQFYEFADQQFDSQFWTNTEMKVELDRMQLLFDLTPAQLHAVKFVLQLFLKYELIVGEEFWNGLFIKVFPTPEAKAMAAAFAAFELQVHARFYNQLNVQLGLDKDEHYRAYAANPELAARVEWLEGILSGEDKLLSVIVFSMTESALLFASFAILKSFQSNGFNKIPVTVRGTNQSAIDEDLHGFAAAWAVNQHYKELGRPLREDTRRVKIIYQAIKHAYEHECLIIDMAFLEDTLNGMTKDDFKDYVKVRFNVFATRLGLDEPFPGVTSPITKWFELGTDSYKMVDFFTPGMGMEYESSWDEAGFVRGYINIDEKRGR	ribonucleoside diphosphate reductase small subunit
PP551948	WYN05016.1	MADYALSFHDLMLVDGFNEAYETQNKKVFEAILQTNGFDVKLGYELVACNHRTINKIEYYGIRVEGFERTDAAWIATGCASMEAQIESTKDKSLRHTLRAMSYQGTLTPQDKD	thymidylate synthase
PP551948	WYN05017.1	MTISAKIIQHSISPLGQHIVTWELEYPRFIHGEFMTHRLFSRNAASSRAIPVATIIEQVRNNPAMPIHWGENQSGMQAKNHLSDALTASAKYIWKKAASFAADMAEALTKVGLHKQATNRILEPFQTMKTVMTATCMDNFFWLRNHPDAQPEIKRLAELMWEALQASKPFELRVGEWHVPYVHRIRKHNYSTGEDGAVEYWDVRAATKLTLEQAIAISSSCCAQVSYRKLDDSLEKAEFVYKRLVESEPVHASPFEHQATPMDFPKRTPGALLGTSWEPGATHVDKDGNFWSGNFIGFVQHRQLIPNNVCMNYEVSNG	thymidylate synthase
PP551948	WYN05018.1	MSVRALTIEEMMRQVEREPAVLIQPFHGQPAGTPLVRVRKLLDGRDSVAYKYGPNLESWDFFEEGTVGVVEASTNTVCAGRLCVDFSKHMELFQPELVAPGTEVPMGTESFGKEPLGVYRPELETRKVGKVRVELVDHGFPLALREVAKVMTWAQDAKGYKDHDWQNLPNAEVALEAAASRHRTDHINQRVVEGYLIERCVDHESGLLHKAHEAFGVLAQLELMLRGEFDMGVDMPR	hypothetical protein
PP551948	WYN05019.1	MTEKVSLRDVVSMADSVDFLNDLLARYGDTEEALMILLFKVASTKAILEKALGCDPIVVELEDGE	hypothetical protein
PP551948	WYN05020.1	MSHIALDTKQAELAFRIMALCEEFYPEEDQFKENIPVLELLYKSAVKIEAGEL	hypothetical protein
PP551948	WYN05021.1	MSQSKAQSLKETMTNTGVGMVGSWLITMGCLYMWTNPVVSATVATIGCTVWSVGRGYTIRRYFNSKGESK	hypothetical protein
PP551948	WYN05022.1	MSEGEQWFMAVIYTVGIGLLALFFVNMAVMGQDCERKGGVLMKPAIGAYTCVKPVK	hypothetical protein
PP551948	WYN05023.1	MKHLIIADTQAKPDEDLEYMSYIGQYIVDKRPDVVVHIGDHWDFPSLSSYDKGKKVMEGRRVIDDVKAGHDGMIKLMAPIIQLQEQQRANKKKVYNPKMVFCPGNHEDRFDRYANDNPELYGLIGLDTLNIQQYGWEVGEFLKPVCIDGIYYVHYLVNPMNGRPRAGGAAAQLKAVGSSFVVGHKQVLDIAIADNQLDGKYRIGIINGACYPHDEAYKGHQGNQHFRGIMMLNEVNDGFGLPMPVSLDYLTKRYK	metallo-phosphoesterase
PP551948	WYN05024.1	MDIKPWELYPQFWKTEAMYLSWIRGGIRRYLWSKNPVKLEFVKEARVMIQNPNVKLRKGRPKVWGGVCEICKKEHILKNMEVDHKTGEHSLKKVEDIQKFVEGIVFVRKEDLAFLCKPCHKIKTNAERKGLTQEESAIDKEAIRICKGKADVVKAWISKRGETPARTVPERKLQVLRMLKEGK	HNH endonuclease
PP551948	WYN05025.1	MSEEKLIFDADSIAYKAAAANEEKSISTQHIEKGVVEYWANRTAFRAYIAETTHTEDMYVIKDVQEAKHSSYGKGLIREMIKGYHNRTGVSKGEIYIGGDDNFRDLIPLPMTYVATVGKWAGKSKIGGKYKENREDSIRPLQLKELRQYMINELGAKIVNGKEVDDMSSIRAYEGFKSDTRIIQVTEDKDALQCSGWLFNPQKMIKPVLIKGFGELHKEGKGIKGTGRLWLYYQALYGDSVDNYHGCDLWKIQQDKAGKSVTFGEVAAFNILKDATNDKEALTAVYNQYKAWYPEPVVYTDHTGIIQKKDALEIMQMYFDCAHMRRWEDDRIDVPSMLEKMGVI	exonuclease
PP551948	WYN05026.1	MTEEAHVNLTEDEIFAELVKLFTVQLSTADAIKDLKNRNKFNKKKNPTGIDSHELGLIVAAAKLEANENYEEFTGRNAEIQAKFEELTGYNA	hypothetical protein
PP551948	WYN05027.1	MTNPNAVEIIFVIDESASMKRLRGDVIGGFNMIIEDQKKVEGAANVTLITFNSKVTRRLDQVALADVQELTEDSYVPGGMTAMNDAIGSAIAEVLRDDPARAIIHIFTDGEENASVEYNTAQIKALVEEAQGKGYQVVFMAANIDVAKVGGSFGVAKNSMRAFVADSHGLESAYLTASASTHAYRAGGV	hypothetical protein
PP551948	WYN05028.1	MNLFWFIFWSCVVIDVLVPGVNVAIGWYVLWAGLGLITNQ	hypothetical protein
PP551948	WYN05029.1	MSTKKLYIAISDSGDGSQALFYTFDGELIGRMSDADYDQIGENWMSGDGFQYESINVLESATMADLGIDERWRVLKRENYSQLFEEDELEEEE	hypothetical protein
PP551948	WYN05030.1	MAFQTTGNATTAGSENRKQVDYKALNAHLVAAAGGGKQRSLPGIITGIYDLGMQVLDDAAIPVTDADFIKRYPEYDGTEAGEKAVIEKSGRENARFEEHEGQMCFRYKQKDVQQVAVSVDFPQIMVDKASFFTDESKPMPLRMILNGEFNRLVQKPFNLRQMNHNQGKPGAAKWALAKNSQLHKLADASGILDNDGLFTSNRIDELLGKVVQFQIRLHFNDKGFFKEDIKIAGLVPEGLPHPELPEGVNIALVQMWDANLDKTAALEARACIKNHQRKAVNFTSTDANGVVTDSPLKAIIGEGYKAGEQSAPKPAETKPTGIAPSKPAGEDDDFEDDVPF	hypothetical protein
PP551948	WYN05031.1	MALQKGDKVIVVSGFAGDGYDHGFQKGEIVTYTGENFPPHHRGQWYQFESDTDVGHTQYMLEEHFTRQVVLKPTAVRVSGETVQKDLPTKASYAVFNAADEIVATTADRDYARELKAALGGKRKGIRIFSYVADKEIR	hypothetical protein
PP551948	WYN05032.2	MYALGEVVTRIGHAYNFILDGYEYVNEKGIKQYLADREVKSLDTQEKLA	hypothetical protein
PP551948	WYN05033.1	MTQRNEPSVGAFEFAGLFGGKKAAVKTPEQLMNDALKGFEDAAAAMGEAQKAIDLQAAEHEAEIAKRQKQLAEAQESSSRLGRVAERFAELLK	hypothetical protein
PP551948	WYN05034.1	MKHITNWRKASVCDLEANGLLHDVSEMHVMSYKMHSPKLEGAFVEATIRRDKVDKAGRDYKQQVVAFFKYHIDNGIPVVMHNGIGYDAPAVQKLLGPELEAAGVDLSKLMVIDTLALSWYLSPDRKMHGLDSFFEDYGIAKPKIEHWEQQEGETLEEFLDSMTHRCSMDVKINWALWDDHMSRLDDMYTRAQDLIDNGQECEKTGNIINVGGTRISKDEWIPIDDMIGRSVDAAVDSILTFLMFKMDCAALQEATRWETDVAHIRESLEKLEAIVLSAREGLAAVMPVVPKYVKKTQPKADPFKKNGDRNSHWVKWDAVMADLESGAREPESGAVMVYIDPDDGKCPETGNQFYRVWNKNEEPNPGSPIQVKDFLFSKGWVPQSFKYEKDEVAFNAWVASKPQGKANKHQWDRWKANRPEERAIPQISVGGDDGKELCHSLIELAEEVPAIKVYADYKVAENRRNTLRGFLEAMEDGKWLKARIGGFTNTLRVKHRELVNLPGTDKPYGYDIRGGLIAGIRKVLAGSDLSSLEDRVKHHFMLPHDPEYVATMQADDFDPHILMALIAKMITQQEFDDFKAGNKSANAKAARKKGKTTNYASVYNAGAAKIAQAAGVELEEGQILHKAYWELNWSVKAIAEEQVVFKDARGNKWLINPINGFCYSLRKESDRFSTLAQGTGSYFFDMWVDNILTAMEAEWGVKRLSGSFHDECIICMRDTEENREKLAKIIKDAIYKVNDDYGLRRKLDCETQFGDRYSDIH	DNA polymerase
PP551948	XAI98137.1	MVYGKDSDGRHKGAHCWGACGGFTIPSEEWLEENGVVEEQEYEIVGAEFNDEIHARMKEITTTDSKGYRGIRKDTTAAFGVRHEINTQTGEVAVQCYPTTAEAENDHGFVLSGYKRRGHPKDFKTPGPLGETGRECHLFGQFKFIRARGKYCLIVGGEVDQLSAFQMLADSNNRNNAKNGTQYDPIPVVSPTIGETGCEKQIVKQYEWFNRFERIIVCMDNDQAGREAAEKVCKALPKGKAYIMEMSLKDPNSYIWDKDRNQPVGKEFNFVQEFYKAVPYTPSGIVGSGSLMNLMKKAAVTPKIPLPPFMKKVQKMMAGGIPLKTITNLGSASGTGKSTIVDECVYHWIFNSPHKPGVLSLESDCAQYGNKMLSRHIGKKLDLIEDDQEKIALLNSAEVEEKAQELFFLPDGSHRWHLVEERDGSIEDIKEKIMELIVACECKVIIIDPLQDILDGMSNEEQAVFMKWLKGMVKSHDVSFILINHVRKSAGGSKANSAGADLFEEDFQGSSAIFKSAACNLLFTRNKEADNEIERNVTTMKMTKCRWTGNTSPQAGKYFYDNQTHTLYDLDDYLDRNPKVKEEYLAALAARDDD	DNA primase/helicase
PP551948	XAI98138.1	MPYFSAISRLVKQNLQFRFQEWYSRKLFEVNLNFEIRADAEFGQLHDHTLITKEFVVANHANNLYTITNIHSSLLFLCLSLRRYLVRSRSTFGTLTRLFGPAKGFLILFIVLSNPLMSGSLYVELLAVCGVLNEDQVYRTVRADSRLYTNTVRAVTCLNTLFQFVNHIEDLSLCNHFVSPVWYVGHSTPFLPFVNPYTKEKPPTASVRG	hypothetical protein
PP551948	XAI98139.1	MVFLTKSSAYDEFLAAVRGITGTDEVERSNRKATKLKVYCSPERGTLKLSFVKYTAKSFSKS	hypothetical protein
PP551948	WYN05039.1	MTISVTRALAECKSLTDRIEKATRSTAFISTTVGGKTVNGSDLQATTNTLKGNLQSIQDLIARRQLVKSAIVRSNAVTVVTINNVEMTVAEAIERKGSIDKERALLAVLTQQLGQARAAVERQNAQMQQRLDTMIQAAVGKDRKATEDEIEAISKPYTASNVTALLDPSGLEAVIEKMTKEIDGFLLEVDFTLSESNASTKVNV	tail fiber protein
PP551948	WYN05040.1	MLQIETNINEVIELPESRNGIVDLELTDLFDHPAGQLARGYIYNDVKRGQFQDGDFIRTSIIKDLVTFQDELYIITLNTTYRVIGWVESPVPAALKHIL	hypothetical protein
PP551948	WYN05041.1	MSGWERNEFMGYEPKIVALDFDETISDNEIAWLRVMELLERNGYHCIIVTWRKPTEYPEDLKMFVDKGFKVYYTSRQAKEVYMASKGIKVNIWIDDNPFAILNDAP	hypothetical protein
PP551948	WYN05042.1	MTKELLAAFKALRISEQTAVLQSLDVRIPHHVGETNADFCTKAVRHICAEGMVRELETAMLRFQ	hypothetical protein
PP551948	WYN05043.1	MKFMIGLGLCAVAMFGSMFIVRANHFDDQKMACNNAQGRGKLLYSSLGVPIGYECMRMHKVLKYRQGVYK	hypothetical protein
PP551948	WYN05044.1	MTTAEIFKQYPKALEELHYQIARNDLEYADNFRVAVVGNHDQMDYYEDKRARGCCGSFDIRVTIDGIKFDIGCNYGH	hypothetical protein
PP551948	WYN05045.1	MICWLIKTEHGYMLEGKYGNIIKWFDMAVNCKAYCMEHGIEVCYLKPKCRLADEQAYEALTGKTLWWRMK	hypothetical protein
PP551948	WYN05046.1	MGKVVVFGGGTFNPVACHLALAVPAFGETAKRLVRLFKDNGTLDTQLVLTKMADTDSKLIYNDDVENFLCDSILPDEDVKAIVMNAAICDFTMENPSTETRLSSAKDYQTTLKGVTSKIVAKIKQRRPDIIVCGFKTTHGASKVEQTSKAFASMAANNLDLVLANDLKSRNNILITKDLTIQEGRREWLMQQIVDNIVIYTNMREWGLDK	hypothetical protein
PP551948	WYN05047.1	MCIVVNKYKVNMDDPDIVYIGRGSKWGNPYSHKDGTRAQYRVSTVHQAIMEYRKYLWSQISDGFITIEMLKDLDGKRLACYCAPNPCHGNIIKQAVQWAKGQ	hypothetical protein
PP551948	XAI98140.1	MLLIFTLLLDSERSGKVVPRPIIQELPASINLYFTLCVLLSSSVTGPDHSLQGGRRHGIIRFKFTCPCGFLFIGRVPVGR	hypothetical protein
PP551948	WYN05048.1	MENVNDLPLMTRDAAYKANVQYFRVKKPCKDCGTDVFYRPQPRQIMTLCLECYPDIKHTSLCKINAAENKHNRQAKKAWNSRVCIPVVFGGMNTK	hypothetical protein
PP551948	WYN05049.1	MSKVTIAAAVLAGLAISDRLNELEVRDEKLSTEIGNLASALGAVMAATEAVDLAVTIIAKAQLAEDEDCVMQGLAAVKEQLGDLVADQDKIHEAMFGNMSDEEKMLLQLIAALGGR	hypothetical protein
PP551948	WYN05050.1	MTERTLARVVTIDELLPIEGADRIELAMVGGWQVVVQKGLYVPGVTKAVYFEVDSLLDTERPYFNSLSTLSSKLLHVVDGRTHARIKTMKLRKQLSQGFCIPLSETGLPLDIELGADLTKALGVVKYEKEAEKAMNNTGSAGGAKAGFKALGFPAFVPKTDQTRVQNITHMYNKAVAEGEEFEESFKLDGSSLTAFSRDGVAGVASRNVGFRVVSEKRGFFETLKDWLTQKRPLLKKEWKRVIPADDNAFVKMAHEAGLLEALKRDGRNIAIQGEMVGPSIQKNFEGVDKNEFFCYDVYLIDEQRYMLPAERIKFCTDNGVKHVPVNFTGPLQAKTVADVLVRADGPSGLKGKYREGFVYKSTKRDFSFKVISNTYLLKEE	RNA ligase
PP551948	WYN05051.1	MVKVLQVAPAKRTTCYNCRAILEYEFSDITKEYVRDYGGGGDTVYRIVCPVCQLKNNVPMWR	hypothetical protein
PP551948	WYN05052.1	MTRKTEWPLITAVGGLLAALLVCICLLAFPAYNNKTGQLELEVAKQDYQRQLSAIDRKYESKINNLQEQVSALQFIANKKTDLLDDDVKGIKREIDDLRERVKPRTRS	hypothetical protein
PP551948	WYN05053.1	MATATNDMVKAVLNYVAGALLMICVGVVGYQQSQINKLDDRLYTLQATTVTEDKLNTAINRLSSEMDTKITSLRSEQQITNKYLERVMDKLEDRKSKAD	hypothetical protein
PP551948	WYN05054.1	MCKPERVQEDTVRALAHGYVTNTYEVWKCNNRIQSYKDWLEQQEKIYGNSN	Rz-like spanin
PP551948	WYN05055.1	MNTLISALSKYVIVALLTVCLGTGGYAYVQHQKNIQLAMDVLTYKTAAADNLKATEDAKASCLVTVGSLNSYYQTELELAKAQQSTGDAILTLPALTIKEKANDAPKASQAPRYSDDDRLSPDTMRLLDAAYCYGDKDGCSAPAK	Rz-like spanin
PP551948	XAI98141.1	MKEHLKRHYTTYIMATNAMIAVATAAFAVLGIFSGSMSTPVLVGNAAVFGTIWALGKFGNETLEDLDEHADICSK	hypothetical protein
PP551948	WYN05056.1	MSVKQRLAAVGLSASLILAGGTLVAPWEGKENTAYKDVVGVWTQCYGNTNNVDITRPKTDDECTDELAQELVNYNKKMKKYVKVELTVGQEAAFTSFVYNVGEGNWQRGTPLKLLNEGKYEEACRFLMRYNRAGGKVYQGLTNRRKAEMEVCLGNNKQAIEEANRIFDSYKDGDFIDIMSGAKQ	endolysin
PP551948	WYN05057.1	MPNITKPTGLNNIWAEGGTKIDPGSSKYNIGWVVQLPPYEYQNYIDNRQDRAIAHLNQHGVPEWDGVTEYQGLLSYTQGSDGIIYKCVQTNTNKDPSNVLNSAYWARAFEDFGSVAVVQAALAQHITDYQTLANLGNPAAARANLSVYSKSESDTFFASKNGNAGQVFAVALATQPEHAVRLGQVSSLLSQATESALGVVRLATVGLTEAGADDLTAITPLKANTVYLKKSGNLAGLANVATARSNLGLGTAATFADTAFLKVANNLSDLSNPALARAALGLTSTAIQPETYFLRAAQNLVDLTSPSAARTNLGLADLATTPSGLVMFKADNLAGIGNPAIARANLGLSDSGIYPSNTWLVRTNNLGDLTNVQTARNNLGLGNLSTRNVFGVPGDLNYTVSKSSGGYTYLPNGMIMQWGQGPALGDDQGTTVGLFVAMNIVSVQVTGIGAATSGIGPGFLTQAWTTTSFQVYNNYNSGPARPFSWFALGYI	tail fiber protein
PP551948	WYN05058.1	MITHDQLIYTLTKRYPELTHGVDYWVGQEMDGTTQLSDAKIYVWKPEMVDEPDDAWIKKQTKADAKAYAASLAPGIERGWRNSELDRADKELLKAEDGDGVGEPAAWRAYRKALRAWPDSKDFPKVAKRPVAPDFVEAT	tail fiber assembly protein
PP551948	WYN05059.1	MDLIKYDMTDIWASAGDVVAPDSTKINQGWGVEVVPRQWWNWFENRQDNNIAYMLQKGFPEWDATTEYIINKSYVQRNGIVYKATATSTNSDPIALTSWVRAFDDYTAAGAAIGALTPAADRLPYFTGSNTAALTTLSSFMRTVLDDANAAAARTTLGAQTLNSNLTALSGITAAINVLPYFDGTTTMAETTLTAFGRSLIDDADATAARATLGLTTAAITQLQAGATERDITKIMRVGAFGLGSFLDLRTHIYATGVPSDCYSAGTVFGFVNGGTAGLAIPGLTGTQYGALQVNGQYSDATGLTAMSRVFIASGGRTFTQTAASPSAWGTWVESWTSGNLTLSTSQVDTTLGRVSRTGDFGIGATPDNIPLITNLTTTTTVGVYRFGINATGSPTPTSGGSLFVTAIVGNFIQQTVRTLPGSTSDPDIYYRQYDSAGNPGPWVEIFHSGNTAALSTQITNDVLAQVNPTIALKLDKAAYNLSPSVIDQDPNTDLREQFLTSHANSPFAPTYSHITQVFYSQKLSTSNRAQIAVEYNPSGFTRMAIRSYFNGVWGSWIRCDQNANTASANKLNVARLINGVAFDGTANINVPIYQPPNTVMEIGRYIDFHTTDNSQDFDVRLQSEFDPSYGWSLAVIQPGGGLGVAKSAQFVANGGWFRSIGQTGWYSETYGGGWNMTDSTWIRAYNSKSIYSPGTIQAGAFSGPGGGLTGVTGVQTQCTHNTGVVEFGAVILTGANVSTVDLPAPYVMTGMRTGASGPHGVGWLRGVALRTY	tail fiber protein
PP551948	WYN05060.1	MSELNPFVSEEFLNVARSRVTEQFKNKRVYDKYLQLLLSGKVELQNVIKDTMQLRSLDTAVGAQLDVIGEIVGRPRGLVTSDIFYYFGFEGAAQGESFGSTTDPTVGGQWYSLNAPVGISREPSDEEYRLILKAKIIKNRTLARPEDVIAAYKFLFGTSQVTITELAPAEVRIGIGKILTNVERGLLFDLGGAGQLLPKPVGVSYAYTEFQAGRVFATDGFPGAQGTGDLNDPSVGGFLSNLIT	structural protein
PP551948	WYN05061.1	MAGLSRQGLEIKTLDDVLTDYKTTAASIFSDLVPAGDVVDVTDNSALGRMIGVIAPAEASVWEALQQVFDSFNPTTAIGIALDNIIALSGITRLAAQPTRAQVILEGDLNIIISSPLGKAYSSSTQRVFSILNPVTLNLLSASGLGVYPTTVANSTVYRFSYSTDGVNFLDAEYTSPASGTTAQIILDGLQQKVEDLFSATFTTYQSGGRLYITRTDPFQVADFDVSVNLQVQKVRKLGIVVDDVAGAFPQEALAIDTISVPIAGWDSVINPVAATTGRLTETDEELRERFRNSKFFQSQNILEGIIDALLNVAGVTDVAVYENDTDVVDANGVPAHSFLPIVLGGLPSDIGQAIWENKPTGIPSVGDTTVQIADSQGFLHNISYRQPDEVPIYITMTIEDLGAMPGDAPAQIKQNLTNYGDSNLFIGTDVIYSRLYTPINSVGGFAVNSLFIGTSPSPVGTANITIDFDQVATISADNIIVTPV	baseplate wedge subunit
PP551948	WYN05062.1	MDLLLNTDTGDIIFQNGLCPVTQLQADVVAQRLRIKLYTFYGEWFLDGTIGVPYIQQIFGKVRKKSTVDLIFQGIISNDPGVIEIVSFTSEISPQRGYTMTFTVRVLDNTESLPLTITIGG	hypothetical protein
PP551948	WYN05063.1	MIMEDLMDLMRTQFRIDMADIHTALPCKVVNVYNNNNQQKVDVLPSVDNLLKDGSGEPGMQILGVPVIFPGSQSTLISFPINPGDTVLCIFAQRSMDNFKIGNGEPTTANDMRKFSDQDAVAIPGLFPFGKSLNNPQVRKFPHEPNRDLSIAHNIASGTEVNILLKQNGDLIINTESAVTVNCKTGVMNATESYTINTPTMNINASTTNWTGNIIHTGNYTGTGQARFNGVLFDTHFHSGVTPGTGNSGPVAG	baseplate spike
PP551948	WYN05064.1	MAQKDRVFSLKIGDYQTGNGLLIEHPRKDGDGNLTDNIWQITFDISKSSDNKRNNGNSATIEIYNLSDSQIQLLESDYLEVEFSVGYRESGAHTIVVGNVTETSTVKSGNDYVTQLRIGEGYTDLNHQQLAKVVSPGKTVGDVLEEIRAQMPGVSRGAYTGTNLNNPIVFGWRLKGSPKEMLMKLCEAQNLEYNINAGVLNVSDENGLLTKDTTLAPVLNANTGLIDLPFHTSETGRKPAKDKKRRRGVQFKALLNTDIVPGRIVKLESKWITGFYRVNSARFSGDFRGNDWYVECFCSEIQAEDLV	baseplate hub
PP551948	WYN05065.1	MTTTVYVEMPLYADLKYRYSLSLEGQSFQFTFYWNTRCSQWHMDLRQEDQTPILLGYALVPQYPMGIDYNLEDYGLNGYFKLLPVNSSISSKLTEESSIMPEFFKLYYVYNTE	virion structural protein
PP551948	WYN05066.1	MSIVLRRNNGDILWFDAITQYDVTYSASVTKHPVATGGFVSDHTTTDNVVLNISGVLSDADFNLSRPANLGSLPTFKFDTGEHVPVDENGLYKPTQKQYTNNSSTAYPVTITDKTSINKLLPEVIAQFTKDNIPDAFVTQQDKVKTAKAVQRELIHMWKTREEFQVLDLLDDFVMDSFGPCVFTNITFKEDETTGEGIFPTMTIEQVTFTDLQEISVKVKTSNKGRKTGAITKKEGTKAEAPPANNPTQQSKEDVSAANSAKG	tail fiber protein
PP551948	WYN05067.1	MLQEEIARLTGKLVFQVDNRPLMAFEKRLTGVLGMLKELSTLANKKFTVKVALDGRSLRAQIDKATKTKITLSNVDISNEALHAQGKRIQEYLNKTTINLANVRIDISKLVEQKRFVRTLLGQMNVQVPVKLKLSEMEAELRKETKAIGDRNPIRLKVEISHNAMVQKIRRALMQAEKGLRAIKVRVAEPEVRLKVDKQHLIDEIRAAIASHQFDIRIGARREGGGGAGPGRPSGSGRGQVDRGLSAAMGFARGALPGLGAAFAFSQMNDINQQVQAATNSLHAVSGDEANFQSNRNFLENMSKEMGLNFRDIAPQFSSIFQAAAPSIGTGGTQDMFRGIMKFGTVHGLDKESMKGSMRALSQMFGKDKIQSEEARQQFAERMPGGMRLLAQAAQNAGISKSGSVAEFEDIMKKGKGDPTKILPELAKLMEGLADKNDAYRKSLETTRVAQGRMNKAFEDTVVIFSAGGFDRGMASFFNSLTDSMERAAPLTKALGAAFEMLIKPVNALIRIVGHIGENWGKIADAFGVTENALATLAAAIGIFMLPFGGFVVAIGAAALAIDDLLTYMRGGKSVFGDWVAATPGAQDGVDGISQAFDHLKEAMSNIGESFGLLKTKFSETFNDVEVENPFVMMLKKISDYIDNIASGLDRIAAVLRGDFQAGFKGLGDAYKEKVIDQFPGVKLAKYVYGGGAFEDSRQFLNGMKGHDTMPVPSPLATQSAQVPAMLAPNVTIPSMTLTVQAPEGVTDPKQFADGIQPHIQEMTYKAIRDAFGAARAQQAERQ	tail length tape measure protein
PP551948	WYN05068.1	MTSDVRGLPTYIELQTVCNVEDIYNILEMLDAKFEMDDVARIQQAQQAAQNK	hypothetical protein
PP551948	WYN05069.1	MAIQQKEVMINGETYLLTQLPGMTGLKLGKQLIKILGPAFAVLQGEDASVGKALNILFENLDDNAEALIIALVTSASKGSVAINFNTEFAGEYDKLFLLVKEIVEFNYGSVFQMLGSDVL	tail assembly chaperone
PP551948	WYN05070.1	MSGNVLTYDPSSVTISVCGWIVPGIVSVSLVWKSEAFHVRKGIRGVHTRVYSADRQATLVIELLPTSIANDVFTSIVLQDAANHAGLLDPVSLKDSSGTSRFTTSQAFLHTFPEMTFNAEGIVTRKWEIEILSFVTASGNVGGNASNGIDINDIISGAMSSASDIVSDGLGAVSGYFT	virion structural protein
PP551948	WYN05071.1	MASLANYSPSDVTITVAGLYSVTGYAEGTFIRITKDTQQTTSIRAMDGTMSRIKSPDTGWKVEITLAQSSSGNDIFSTLWNVDKVTGMGKFPLFIKDGSGSTMFMAGTAWIEDIPEIIFSNQMETRTWRFGATDVIVNIGGNGDSDFSSVLGLGASVLPILENFKVI	virion structural protein
PP551948	WYN05072.1	MATQRLATFAPNDVSIIITQASTGIAHIVSGYSEDSIVNIEWLSPRYALYTGADNTGTRVFNASNSATLTLSLQQTSASNDVLSMLFNNDGRNTDGLFSVQVKDASGRSTYFSDDAYIGVRPNAGFSNSMMTRDWVIQAFNLDGYNGGNAILTPEDQDTIETLGGTIAAKWLQQ	virion structural protein
PP551948	WYN05073.1	MTVLTDIIEINISRETAAVAQTNFNVPMFVSAHTRFAERSRTYSSLTAVAEDFLPSDSAYIAAQKLFGQVLKPSQIVIGRRLVPSSTINITTVAAGSYTLTINDLVFTFVATGADTAITIAAGLKAAYDVTPISGVTLTDNLDGTLTIASAIGYSLEVTSNMSSSNSPSVESWVTTINEITTENNTWYAIMIESHLEADVLAVAGQIEGMKKIFATSSSSSDIKTTATTDTFSKLQDLGYQRTFGMFSATANTEYPECAWVGYQLQEQPGSNTWAYKALSGVTVSTLSDTESTNIHTKNGTTYETVGGLNSTIGAKMFGGEWIDVMIFVDWLEQRMKERLWSRLANSKKIPYTSAGAAIIEAEIRAQLNDGIRVGGLSASPAPTVDVPDVLTVSVNARAQRIFEGITFEARLAGAIHFVKISGTVTV	tail sheath protein
PP551948	WYN05074.1	MNIYQDLEDSLYNIVSTLHPDWNILFAFTNAAEPSNPYLVIDVKKLNPIGREYNSTPTLGEDGEKLTQTTIQDHEATVRFEFVGKYDDQITVADMAQMLQIELRTQNGYLLQAENRLSLFNISTLRRLPLPRDTDMYMIYQLDCVFAYAAVLTTEQDYATALEGHGIYHDANRPPDYVLTTDFEITLPT	hypothetical protein
PP551948	WYN05075.1	MRNPPLLLTGHTTLDIIRREAETIVRGRPSPGAETVVPVVCNVQPVLKSTDTYLLPEADRTRATLKVYTKGAPLRQRKEGPNGYAADRFYWKGELYEVMKVIDYDMGVLNHYKALCMRIELT	head protein
PP551948	WYN05076.1	MGFSIKFENKIPALLRRLDKLDGVEVEVGFFPEDRYGPENHNLPVATVAAYNEFGTVHNPQRPFMSDAFSDGMSQAAMARAMKAVYVDVIKGGTATQRLLNILGRITGEMIQISIQQYAAMGGNSVETIKRKGGRDTPLIDTGKMLESVRFHIHR	tail completion or Neck1 protein
PP551948	WYN05077.1	MPYTGSPSTSATDRVRLNVGDVWPDMEWLHDEDYQYFIDKNNGNENRATLDAARSLLFILSRYTRERTGDIEVYGGDIFSNYFRALELILKDPNIAISLAMPYAGGISRQDMHDNRVNCDNNAVLLATERAHFRLGCGNWQYNYDAMHCHGVGGGHGLQY	hypothetical protein
PP551948	WYN05078.1	MSQVQLAKQAVRSFANNNYEYTDLSQPLMIIPNDWFLGTQLGIFGKDTTSQETITLEEITVGYGLIKDIHRGARHTVVSDPTRKMQAFAIPHFTLDASITPRDIQGKRAFGVDELETLAAVRARKLEVIRKSWAATHEAAIWHTIVTGTAYAPNGNVTYDWYTEFGATRTTVDFELNTATTDLIAKTEEVFAAIQDNALDGTVRGEVFAVASPEFFSKLIGHPTMKALWLAYAQSPQILRDRLKARGYDARYREFTIGNITYIENRGVDPSGARHIPAGECYFFPSDVGDGDNFVQYFGPADHFDFVNTQGQELYAFEYGDNRGQMIEIQTESNFLNVLRRPQLIVKGIVGA	major head protein
PP551948	WYN05079.1	MAQYAADVQRLSNWLVYEEEAGSGVTREVLLKSATNATKTGSVLDSTGQLVVAATLADATYILIDDLTRPSAAEYKNVLVLARGHAKVGKAALIFGADVTTDVQRKTATDKLALKNIFAVDQLTYNNV	head decoration protein
PP551948	WYN05080.1	MTDAKRRLTDIKFEHEGAHVALVGKHQGGPANGITTLVFKATDHIDPVTIAQAIAGQSVEQPTTIIEEPNVEQIEKSVHEALVLKAVEDAVALEKAAGVTAVAEIQKALDAQAEVLKAAQDKLAEFESAAVAAKVELRKAALVDAKVSADKVEETLKSLEALSDESFASTVALMKSLASAVDNSEMMQEAGVAGAGAETQEEVDRTTAILKARYGVK	hypothetical protein
PP551948	WYN05081.1	MKFVDALAELIEKHFGGSQESPVQVEVTKALNDEKRMAMFVVLEPDSVDLHGDTYTEIEVEKACNNFNVHCQVANLFHQIETQKADIVQSFIAPASFKLDNGVEVKKGTWLQWWHFPEGDATSDALWEGVKSGDINGVSIGAMATVEELKHD	DNA methyltransferase
PP551948	WYN05082.1	MAKRKVEKAVAPMPRLRLGEIGAVGLKQYGGHVAEENRRELRFPEACKTFRTMSQDATIKSAISLVEMMISRVDWTVDLGIEPSAEMKARGEFLESVIHDMEHSFADFIREVTSMYTYGFSVHEKVYRRRTYESGSSYNDNKVGIRKLPVRSQDTISRWVYSDDGRELLGLEQSLAGIQNGDRYVNLSHDGIIQIPRKKFMLFRVDAKRDNPEGNSPLRGCYNAWLFRRQIEEQEAIGITRDMNGMPTLYLPPRYMSVDATESEKAIFDYYKNVIRNIQMNEQSGLILPQAFDPESRQPLFKFELTSTQGGKMYDTDTIIKRWDNKILMVLFADMLKMGQDQVGSYSLAGAKTNIMAMAIEARLKEIQDTLNNDLIPQLFALNGEILTAKELPKLCYGDLDEVDLDEFSKAIQRMGSVGALELDRDMANKIRESIKVVAKPLDEPVDKEEIMGGDSQAGNGMAAGGGNGASRNASSRDNAAANNA	portal protein
PP551948	WYN05083.1	MADDMVFDLDPNVIGPKSKKQYDFMHSEADITVFGGAAGAGKSYLGVMDFLKHIQYPTFRGCMVRRTTPQLKGPGGLQEKAEELFKLIDPKVRWRDKEHHFLFSNGAKVYLRHFENPKDEDNFQGWEVSQFLVDEGQQFEEAMVVYLTSRMRNPKCKEVKPHMKITCNPDYDAFLRHWLDWWLDPDTGIPIPERDGVTRYFIRDDGKMVWADSIEEMFEKHGKPGLPRDHKKQIKPMSFKFISANVYDNPILCEAQPEYVGWLEGLGRVERDRLLHGSWLARAEGTGYFKSQWCQMVTMRDIASVKRVRAWDISGSVPSETNRNPDWTAGVLMSRNRHGIYTVEDVVRDRRRHGGVFDLILETARHDGDDVQIIIPCDPGAAGKAYAAQLIRDLADHGFYARMKQTNKSKVTRFAPFAAVAEAGSVEIVEADWTKDYLSELERFDGSKNIKDDQVDATSDAFHALSSEQYLPDFTVPTMTQANPFAFYR	terminase large subunit
PP551948	XAI98142.1	MYNNIHREQKLSSKTGMALRGRPLFFSKMRTGNG	hypothetical protein
PP551948	WYN05084.1	MTTPVEQYELVAQLGLLEGIKAGAFVDSGQAAAITALTTITTVDAIDPATTMALVNEVKAKVNAIIAALKA	head fiber protein
PP551948	WYN05085.1	MTFSLHGSTTGGYQVGPIENAFEGVDLAAAQAARDAYFSANPAKLAAYDSNPFFLIRLTYGATTNAEYRMAGAWVDYTPFLQGLPGEVASLTNVPVGELPYKTLDGTFAGSRMRVLDDGSLLAPPGFGVESGSVKFGDVLLLSEAAGFLSISNLINDRQYTILDYYTPRTAASSVPTAFMGTDAAFSFVAQSDDTVNLTTEPLLFDYTIQNTSRTYSLFMRAFAAMSNVRIKITQISNGVALKYIPSKEAWETEVGGLEWVIGDNNFDFGDTPLIFSTGQNIRFEIRATTMALKGNASGIPYFGGSDQLGEFRDVLMADQYTATDVRDKLTSLTGTNRLPMSAVKDGVTSVAGRIGDVLLTASDVSGLAAVATTGAYASLSGLPFIPTNTNQLTNGANFITAAQAPVQSVNGYTGTVVLAKADVGLSNVDNTSDINKPTSTAQQSSIDVKMAQHNAAGDPHPQYTTTAEAAAAAPIQSIVSGRGITASTLSGVTTVGSTQFPLVFNGSGAAASPKIWYGTATSDVNGLFTVNISTAGFTLAPVVTVSAQLSAAALIDRAWATLSIAPTTTSVSGYTLRGNPITGSGDSVRLAPNVTVNIMAIGI	minor tail protein
PP551948	WYN05086.1	MATIPDVNLTGTAYQNVYAATSIVVGTAVTIQNKSGFPVYVQNIASQPSAGSKNGFVLEPYTAVDVTGVVVGLWAKGTGPIMVEVIG	hypothetical protein
PP551948	WYN05087.2	MLKALASIGLDGIIGAGLVSSAGVKPLRRNVAIYGDSRTANCSSGTLPNKITENYGYASWLGQYSGGRIFFEPAFNFGVGGNTSAQWAARVNDVIAAPADVVVCLISTNDRTADFTLAQTQQNIEGVVMKLKQAGKIVVFINETPRGGANALTAPRQAIHEQVRAWINSYLPKLGVRVVDVWDKMTDTAAVTVDGLHFNPVGARIVGEALAKEIQDLFNSPIPLPRVTSAFDSATNPFGQINSNALLTGTTGTKAGTANTTGDVATGYNVAGSSWTGMSVVASKEAASVGEAQVFKFSGTPTTSGALYTFEQVINLANAKLAANIKAVADIEFEMTGCLGVSLDFRFLDSGTFNSKCCDRYQDGFPMAPIKVSGIQETPTTTITATCTEVKIRVAVYGSQNVPMSGTLKIKQLAAIAA	lipase
PP551948	XAI98143.1	MKVKMRQRPLANFGVANCGCCSRLSWKVHKLDKQVLKEALEDVDVEFSVADSTPGCDPV	hypothetical protein
PP551948	WYN05088.1	MAQRPYDATKEHGPVDKTRLKDSKGRHPNKNKDTKHPVTGKTGK	hypothetical protein
PP551948	XAI98144.1	MRYYAKGRFSLTVSGVPLHYPQQDANRAAIPTMGD	hypothetical protein
PP551948	WYN05089.1	MIYLRYLALFVIDIIMTIFTVLPAAIIIPLFTRAQQWRKPEYTWGWIWGTYDNPPQGDEGYCRKRCPFPNELTGFKGYINRVFWMLRNPLYGLAKRMALPYSETATLVITGNPDISDKYRIPGSMMARLYEGKKLIGFEFYMVKPYSANRDVRMRLGWKMTTEKYKDKGFAQFVGTCNPFDGYGDD	hypothetical protein
PP551948	WYN05090.1	MRNARSVQSRYPPLRGMSVGDKRPLMLGVDEQILVMLVCPGTN	hypothetical protein
PP551948	WYN05091.1	MEQKNKGGRPTKAEVAARGLTQTELDAGLKILKRVYGKALDKMIEISDDESIPAKERFKMKQVLVDMYNNLYKANETLKMQLAKGGDVPDEPEDKPLAPVFNFAKQ	hypothetical protein
PP551948	WYN05092.1	MRCKCCDVPLINNDSPAWNKLAQKEEDLCSVCRNLVYNSYTEREYCCGRYPVDGVTGPVPIKEN	hypothetical protein
PP551948	XAI98145.1	MLAECNLNLREAWMVDSRLRLRLSFEYGVSLGKVYLPIQNSSTR	hypothetical protein
PP551948	WYN05093.2	MLSQTYLSTSFSILTPLPFHVKVLTDGKSVVLSGIINQQRGTLMTDFIDVASHSPILFVKEVCEAIANGYAVTNTIAGYPSFGPYVNTVRLFKAEKPSGVIISADHDGRVEHYDPMGFMLLVQNFVHAGYSFKLEGKHFFDEKGLKSVQMEIVKEAKAEPAKEEKPAQKKAPAKKALKAEPTKNELEGNE	hypothetical protein
PP551948	WYN05094.1	MAKLTKAQREFFYDFAKNDLSNTLFPILHAQGLQLTPELAEELLNLVDLEAYTEIIGKAFLERIDFTTIKRVDKIMKSDEFNNVIVASQQVSDVVNDERIRILAALIPVADESALGLSE	hypothetical protein
PP551948	WYN05095.1	MAKRNKAQVIGKRWEEKEQRGREVNPKFVEAREDGRSKANTTPLKPRNDKQAAYIQSINDNPLTIATGYAGTSKTYIPTVMACDAYLKGEIDKIVFVRPNISNSKSLGMFKGSAVEKMEMWLMPVINILKDRLTPGGLQTAIENGNIQYVPLEVLKGFSAENCFFIVDEGEDINQEEAKNIVTRQGRGCKMVISGDVSQSALKSHSGLKMLTRMAAKHTHLPIGFIDFNHVNDIERSQACKDWIIAFEKDEREGVKYE	PhoH-like phosphate starvation-inducible protein
PP551948	WYN05096.1	MSEEIMGKPNRILVNQHVANEYHVRLARPITEVDDFEDEFQMFACAGERDLIKLDIVTPGGSMDTAHMLCRAIHRTAAHTIAYIGPTCASAGTAIALACEEWEIDDMSSFMIHTGSYGYAGMAPHVKANVDHIDKMMERFVRLTYTGFLTTEEIERVLDGREMYFEGEELAQRLMAYSQYREAMREAIEHDEGVDSDPFDS	ATP-dependent protease
PP551948	WYN05097.1	MSKVSLMEQVLEKMKAKENVYTAYIVNKQKVTLVSYAEFAAWEFIPPATFFIKDAMGDYVFVHTASRATAQEWIDNEYGKGRYSVNTSRLQKGKPLGEGSKPAFGTATRRGQKR	hypothetical protein
PP551948	WYN05098.1	MIMLSDLINKLEALYAEQGNLPILQQADGEGNSYDWSRGVELGFVDEDLEYCYSPQDFANDIEEEDREDYTKCAVIYP	hypothetical protein
PP551948	WYN05099.2	MCSDLSIMWVCQHPCGTWCAYREKPREKMGGWDGEVYAVLNKQQWLIGWRQTLEELSFKDYQDKYRRMEVR	hypothetical protein
PP551948	WYN05100.1	MIYDDKYRPPNRKYDTMHMGTAAVYASESQCPRTQVGCALVLASGVVSPGFNGMASGGPNQWEFSPDGNPEVVHAELNSLGKCLEQGLSTKGATMYVTLSPCLECSKLLVRAGVKRVVYRDEYRLTTGIDYLRKYNVEVEQYVSE	dCMP deaminase
PP551948	WYN05101.1	MFQNEYEPDNAMQKIWESTQGGYCLCTMRESCSNCANPSERRKQGNLIIQIAREQGYQLYSKAWMKNEHFKVNMEGY	hypothetical protein
PP551948	WYN05102.1	MHYNEALADKQGLTEDEKIALDNTYETLIYTLAHPEVMTDVEEAVRQLEFKLQKQWKFPQDPKFHRYQTHIKGCTCPRLDNAELIGYSASRYRVSDCPWHWKED	hypothetical protein
PP551948	WYN05103.1	MACDIIVAVAMRTESGDDYLFLYDDIFGIADFVERVEDDMGEELAYVYHIDVKTDCCVDEGYERALRDRIEELQEDDYP	hypothetical protein
PP551948	WYN05104.1	MIKTFYGKDKKGGFKVWIIEVGSGIADAFIKISHGKEGGKLTLKTDTIAKGKQGRNCYEQAISEAEGRIKKQMDKGYREDKAELEELDVLAMLAADYRKQGHRVIFPCYGSVKYDGVRALAKKRNGVVTLESRTSQPYDVPHIVEALTIHMQDGDIWDGEIYKHGYELQDIVSAVKRTDTLKEVEKAKKKHAKSYTAAGLQQNGPSYEAECEQEYIEAVRIHELRPKLEFHIFDVVTDQKFIDRVKLLDELCGIPVVSPCIQITQYLWIADAADMKVKHDEAVNAGYEGLMLRNFCGMYESGKRSADLQKYKEFLDSEFRIVDIVEDKQGNAVFVLENDIINILNGERLLFQCVMGDMAERKHYIENKVLYIGKLLTVKYQSRYKGTMLPQFPTGVAIRDYE	ATP-dependent DNA ligase
PP551948	WYN05105.1	MIKNTAPIQMQSVINFMGCLGFVPDRTRKNGSFRNEGQLKRVANRHVSFETAVRLHNSAIDKWVIMEGTALFPELKLATGFLPLSVVMAHASKLVAKCKVRFDKHGNVVLADNANLVRAVNGVIASLVEAEIPAQ	hypothetical protein
PP551948	WYN05106.1	MTPRQMINKIADWATEKHQGQRYGAHAYDYHLAQVAGFARNRNDGKAKATIIEMVAWLHDVIEDTPVTYEQLLKEFGWEIAYPVLLLTKKEGQTYEEYMSLILLNDVAREVKTCDTMANLTNSMAGNIEKNILKYSRQLHILVKGEYYE	metal-dependent phosphohydrolase
PP551948	WYN05107.1	MSEQKIWWSSDLHFEHKKIVQYTNRPWTQEQNTEKLIERWNDRVGLMDDVYHLGDFAFMWPKQINKLVSIINELNGKIHFIKGNHCDDRLWRMIEDRNIPHVVWVKDYHELTIEGQHIVMCHYPMAQWNRAHHGTFMLHGHCHGSYQGPGKILDVGIDNHPDHQMWSYEEICAYMKDRQYKGVSHHEEGGR	phosphoesterase
PP551948	WYN05108.1	MARLTVDTQFKEELTVKPGTLMIHREPPAFIVMATSIVVGDEFAGVSLEDGAYGEQWIIDQYKPFEGKLTLEQ	hypothetical protein
PP551948	WYN05109.1	MASRVIVVTSVELGWDCIVEVYNADDIGREELEERYPSKRGYVVHYPQRVLSEVEEE	RNA ligase
PP551948	WYN05110.1	MFERLIEAGLVKQKRYENGLSVFKYARKVFYDALWNTDPLLLEARGIVLNDAGEKVIWPFTKVFNHNENGAGADLSLKAEIIAPRKVNGFMAACRFYNGELIVSTTGSLDSDFAVLARTYIEKLNGLKTFARDHTLLFEICDASDPHIVEEEAGAYLIGARNMQSGEMESEKFLDSTGYMIGAKRPEVFYGTFGELWHMAQTCKHEGYMVIDAETGETIMKIKSPHYLTKKFLMRMGAKKVDSMFDNKEEFLKAVDEEFYSVVHYITRWFDADKWKAKTDQERREVIEMYFHEIVYDAKKGEY	RNA ligase and tail fiber protein attachment catalyst
PP551948	WYN05111.1	MKLRLDTAGLRALIADNPTFEVEIQKAVIDNIKNDNIQQAVIDRVNGCLDKMAPRENYYGTARVIKDPKLLEVINAAVRAEVKAALTQAVEDAVASATNAIDLRVRQEVKKVAKEVVLESLTAEDAKLILMEKVMR	hypothetical protein
PP551948	WYN05112.1	MKHLYLIRGLPGSGKSTFAATLAGGLDCNHFEHDQYLYTEDGEYVWTEGRMAWAFRQCLRDTEATMLEGEPVVVSNVFPNAKSLKNYRKLAEKYGYQVTYVVVENRRGGQNIHNVPEEALKGMREAFQVVL	ATPase
PP551948	XAI98146.1	MCNGQLDGANKTHVLDQLNEGTATVTDIIQNEVLLVRVNLKHRHHASDLASSQFTGLVEANNSLGTYTFGEVFTLLHRTHIRGNDSPVVPVTFDTLEGVILVNDIASVHSSHQNRAVRVYNGHRGVVLCVDKGSYHLDAQSLSSVAYAVLTGIREVWDQEVDACQWVYTSNGISCEEHRHQVITVLNLGNQINVTHFTKYAIFPVQRTRVDIHTNFTTRKLHRGNGHTLGTLTIQAVKQLLVKFSHFVSSVCVCGATIRDSSPFVNRYFQRLPINVDNVVTFFDQATLEQVMSDSLSGWVKVTIPPQLKAPFRAVMLVVWFAIQPLLRITCEPRSKGHTHFIMVDNLWYCLTLIFPNVIWIRMHRQILTPARLAAILLLEAVRPTIGFSYQLVPV	hypothetical protein
PP551948	XAI98147.1	MSFVGTIELAVTHGIFSKGVEVLTDRFDRVYTTDSLPQTEHEKLTVRKY	ribose-phosphate pyrophosphokinase
PP551948	WYN05115.2	MLALTVVGVADAKSRVSSSRSSYSAPKSYSAPKATPSKSSTSSYNGGSFFSSKPAAPATTTQSKPTLKSLGFTKPATVQTAPKPSVSVSSKPLVKSPVAKTTMTSGGWFTQKRVSSAPAYKAPARKVSSPIAYKSNSYKPRNVTVIQRNYYGGGYGYNRGYGGGYYGNGYGYNSSGSGFGSSLMGAFAGMMIYDALTDNSAEKALQAQVNQLSANQQAMNNNLLMMNQKTVEAPAVTAKPQCYLPPDAPLMMNPNFYCGGS	hypothetical protein
PP551948	WYN05116.1	MLQHRHTNHIGHFILTVLFFPWVLAWILFHLSNQRHNDQVDMMIYQMTHKKG	hypothetical protein
PP551948	WYN05117.1	MFYEMMFATDGYKLGHGPMYRKRTTRVGSNLTPRTDKIHRRTCTTFYDGRLVWVGGQAAVQELHEAWQASFFSQPKAVVIAEYEEFLMGYLGRDLPTSAQMALLHDLGYLPLEFRSLPEGSLVPMGIPVLTITNTDDRFHWLTNYHETPLSTTTWKTATNATIAREYRLICEHYTKLTGCYDAFTVSVMCHDFSMRGMSGIEDAARSGVGHLTQFIGTDTLPAIRHAKRYYDATGLIGISVPATEHAVTSNNIISIEAELLDGTYEFANDEQRRIFNTMNEAGEELRLIAEVMFVYILITEIVPNGIVSNVSDTYDFWGMLSRGYKYLKDVIMRREGLGPQPGKVVVRPDSGDPVTVICGMKPVLWSSEKAEEFKDLRHFYDFMDTKIVEQFSEYDCVKIGGVFYSFMVTERTIEVGVDPIPYEVVAGAIRTLYKIFGGTITETGHKLLDSHIGLIYGDSITTKRAEEILRRLAEQGYAAANVVFGVGSFTYQCNTRDTFGFAVKATNSVIDGKDVAIFKDPKTDSKKKSAKGRLYVAEFEFDNGERRFELADNVTQEVEERPENKLEVFYRNGVFLKRVTLDEIRQRSV	nicotinamide phosphoribosyl transferase
PP551948	WYN05118.1	MKYRLITKGPDYAGDVRIILECKKKMFGEWKEIHSLWALKADRETDLPTQVLLAKEELKLYAKKHKMANSKTVEGFKV	hypothetical protein
PP551948	WYN05119.1	MTIRYVVGDLCDALENGDVDAIGHQANCFNTMNSGVAKAIRQRFPQAYEADCQTVKGDRGKLGDLSLATAGSGLIYNLYGQYNYGYDAKGYTDYSALQSALFEMREDLRSGRGFKVVGFPKIGAGLGGGDWGTIEEIINDVFDGYFEVVIYVLREEDVPRRS	phosphatase
PP551948	WYN05120.1	MYRDAVEYRPGHWLAPGSEAFELYKAKKFKELDALLKQTDAAWRKLEGRDKDD	hypothetical protein
PP551948	WYN05121.2	MPHGVNLKGEIKMIDSALDFLFTHWLKIAIAYGIVYITYVFYYLYGIRFKEVRRVTSRDFSEACGEAVYGPFILPCRIIGDALSSVKVSILAMVNVGLPKEEPKAKPEVWQSK	hypothetical protein
PP551948	WYN05122.1	MKWYTGVGSRETPDNILKLMEEVGYKLASQGWTLRSGGAVGADQAFENGMFRFVGLDGPYEWTPAEIYLPWSGYENHHRYTHGGLNVLPSDIHFDTESIAEGMAMAVHPAWEACKQGARKMHTRNVFQVLGSTLDKPSKMLIAWTKIDSKGNPKGGTATAIKLATENGVTVFNLNKAEDHERINKWIGGM	DprA-like DNA recombination-mediator protein
PP551948	WYN05123.1	MKVVAVEFVHITRLENGKPARTSSTVICEDDVDKYDIHQEFEGAFDFGWVISSVKVVKEGLKIVRADSTY	hypothetical protein
PP551948	WYN05124.1	MTEDEICKRFMRGVQLLEDTDRDYMLDKIEDSRWLSGPGYNRGVHILMDMVQLAVEASYASPNMRIKK	hypothetical protein
PP551948	WYN05125.1	MTQRVMVYIICRLVERAGQGTGDIVDDWWVDVTTTGSPEVAAIKLARNSAGNNTKTSVVQYHVYYADGGHARFKESYYLAEESALWPSNPALRPDPLVPTPELMPA	hypothetical protein
PP551948	WYN05126.1	MMTAEELAALDARLSANADKLIAKREKSLYNFNPKKAGRKPASFCNLIQPEIQQIRYMDDDAWPLWLDDPVAGVAGLDWYRVGKKSVPLSKSKILQCFACLDEINASTISHLLNVAERQAQRYMKACEILHQILIDNYCDDEIRCTRYPAVFIFPKEEVPQTDLKEV	hypothetical protein
PP551948	WYN05127.1	MLPVHIEGSLWYEFDQNNSGGYFERDDFVSDVVFVQAMNAEQAEQIMTDLIDKAHAWNYCECCGERWYFGYTKGYDVPTRYGKPVTEGVDLFGSQGYILFHGLNGRTLKWSGKLNESPTEIGRIEAGE	hypothetical protein
PP551948	WYN05128.1	MSHVFNKMGNAAPTTYAEPVRPVMPSAPTSAFPAAAQQPQVKMPSLIVTDSDIDKIGEDVSREIGQTTQKIIDKMVVGKFDDLGAILTQITGEVDKLDPASLQKGGVIGWMQNKFTDVKATLTMRLKSAQGVFDNLEGKISTHITTQQEWVKDLELLYNENFAHYQKIVAEMGETERLIEYVANQIKNWPEIDPASPTAAMAIQQTRDAETKLNRLRMKLDNLLRLKAMTELNSPKIRQQQDTSRVTISTLKDIISQTIPIVKMEFALYIQTVDSQKSIKLTNEVRTLATKTLIKGADSAKMSAIESAKALNAPVITSDTLQTLRNRVMETVVEVKRVETDAQQKREQEAIQIVEGQKSLLQALKASGTI	tellurite resistance protein
PP551948	WYN05129.1	MGMPMLDLTKSLELNLEKAGIFTPPIMAVKLAVDKSGSMSDEFACGWVQDTIDLFLAAAMKFDDDGKMEIGFFNTKFDQTRDVTIDDAHTYIRKERIYAEGGTNFAGAIKAFKGSNTPKRGLFGFGKAKPATPVYLALITDGANNDKSEFEAQLDSLENTFVQIVAIGHGCDTRYLDMIAKKYDTVEVLYIRDPKAVDQNKFYELLLNEEFKAFAEK	hypothetical protein
PP551948	WYN05130.1	MEFLATIEWAAVFKIVMIDLLLGLDNAIVIALACASLAVSVRGKAILLGTAGAIALRAVLLVFATFLLGVPYLKVIAGLYLVFIGYKLLTGHEDDPEVAQKSTIWGAVWTIIVADFMLSLDNVMAVAGAATAAGEHSTIYAIAGIVISIPIIIYGAKYLSGLMDRFKVIIWIGAAMLGVVGAEMIVSDAHFISYVGEVNHLIAKVVGGGLVVVAAALHKRITA	membrane protein
PP551948	WYN05131.1	MELNLSKDTLMLDLNKVSPSLTRLRGALNWELHPMSGKIDPVTGVTYEFDLDIFMFLTSNGSIMGDMKNVCFFNNKNCYNGAVVLPRDNRNGQDGVDASGKKLDDEEIFVEIGKIPAHIDKVEHFVFLHQAVERGQDLSMISGGSFKLYDQDNNELASYKLQTFVNHTALHVGTLQRTADGWGFQPMGESAAANPNQVLQAFA	hypothetical protein
PP551948	WYN05132.1	MDLIQRVVRTSKNVGSDNRMNTFGSLVEEVGELSTELAISNGTKQREPSPDGVVGEAIDVLVCIIDLLYQELGDKITEQAFLERVQTKLDKWENKNVLRI	hypothetical protein
PP551948	WYN05133.1	MFYGYDGDVCRPGGMISDYRLDCPMKAKSINFYVQDVPLVLDEATKFNTLTMKLPRGLPYGVRTRVWSNFYPDVAFLGEMVSYTTLNELGQSVETMIPYAEFDMSTVPWEDIVA	hypothetical protein
PP551948	WYN05134.1	MIFIPERDGIDHINVYSKGATELGRLLTNFAHTPFEHPVRGRFESMEGYWYYVATGEQHEELRHVHGAQAKALGKTFEKVERENFEVAIRTGIRSKLIHNPKILCMLLDNELPLAHYYVFGSRVKHAGYEWINEYYMEIRESCLIRGYRPATA	hypothetical protein
PP551948	WYN05135.1	MSDQFFGKMIVGVDGLDVGSGEVAIHFEDGSSFHMWHSQDCCESVSINDIDVSFSSLDGAIWYECEVSSRHGNTEYGDETWTFYTIRTDRGYAWIRWYGESNGYYSTGVSTKYCEPGEDRGYW	hypothetical protein
PP551948	XAI98148.1	MNETIREYARSYISPVKTFNTSLWAELEDWGLTEGLDEPS	hypothetical protein
PP551948	WYN05136.1	MSLAKFTTVVEYRADRQAREAKLWIEEAVTYMLAIGLYAQEEISEAVDLAENLHYHYKDEGGEIDISAKDAVDEELTYWGD	hypothetical protein
PP551948	WYN05137.1	MDRYRELEEARRKVRERLRGATPYLSPTRGWMYKLVDGSMITELEYKRLRRECGIWWIL	hypothetical protein
PP551948	WYN05138.1	MVDSLIDKRKHYTMEQHYCYSDFDFYKNREGSTEVGRVMFDQLASKAGVERWAIIDTYTMKGKWSTQHILVMQNKEGVQIETGGYGWKRVYTEHDLAEKRKVEYNNFFAALAECGKLCPAGASRWFNEAVLENFDHTFEEILYYGEE	hypothetical protein
PP551948	WYN05139.1	MIDPYDLRVTSYLPQSGHGAGGMTVGLTTSGIIVHHIPTGLGISCDSERSQHANKEKALALLTSLLLAIESEKHIQAEQEEFQQRASIPNKVAMIKEVRHATGLGLKESKELVDKYGHREDCVRLCIEEHNGGYCFMGEGCVCGGDLPSVRKGCFNWKAI	hypothetical protein
PP551948	WYN05140.1	MKVVADTVGGWMWWVGQWKLKHPDQTPNYKEMMQQYIKGENP	hypothetical protein
PP551948	WYN05141.1	MKLPIPNAQEINRIAARAEETIKNTTSRSSHLMCVENAIREALALVVERMNIQINDSLTIDLRKN	hypothetical protein
PP551948	WYN05142.1	MNRWDDEWEKEDQERMTDWAYMEEREHIENIRHWEGDECADAMMRDLNKRYGDY	hypothetical protein
PP551948	WYN05143.1	MRIPGWIRMVVLFILLGLFYFGVALMSSSCSNGAVHKDILIRKECKDKGGIMIDRTYICVDKKSTIELENLK	hypothetical protein
PP551948	WYN05144.1	MSWEMERSMLSPKEERQFWLSLLARYPFGMAVNCRGMPSLERTPMLRKLIEEGKIIRVRENRQWGKNNRQSSGKRTILRLPE	hypothetical protein
PP551948	WYN05145.1	MTYRPRYETQQDRDNESSVKSQIEKWAKCTLTKTGSQAFYDWEAHRDGKLVALMEFKKRTNPRRQYPTYMVAMKKIDRGIALAKDAGVPFIFFVQWTDGLHYLVVNTDTPMTVGTGGRKDRGDRYDMEEMAYFDTALFKPIPSPAP	hypothetical protein
PP551948	XAI98149.1	MRANYFKITDGQLSGHRHRLSTSRKNPTAKVNTLGHYISPDKTKPPIKEAVFYGAGLGIGLNNAVSK	hypothetical protein
PP551948	XAI98150.1	MRANTNAKHSHLVNVFRLPLECANPLVVRSLLVYI	hypothetical protein
PP551948	XAI98126.1	MILARQTTCQRFPLEGLTHPLEYALYIMRRK	hypothetical protein
